order_id,customer_id,date,nearest_warehouse,shopping_cart,order_price,delivery_charges,customer_lat,customer_long,coupon_discount,order_total,season,is_expedited_delivery,distance_to_nearest_warehouse,latest_customer_review,is_happy_customer
ORD382112,ID0289597187,3/6/2019,Thompson,"[('pearTV', 1), ('Candle Inferno', 2)]",7170,61.72,-37.8117825,144.9519722,15,6156.22,Autumn,TRUE,0.4425,"to many adds in ui it has adds, sends info to manufacture,",FALSE
ORD378488,ID1668523020,5/5/2019,Thompson,"[('Thunder line', 1), ('Lucent 330S', 2), ('Alcon 10', 1)]",13590,65.2,-37.8082365,144.9421811,10,12296.2,Autumn,FALSE,0.6547,s10e haven't had this phone but a short time but i have fallen in love lol,TRUE
ORD279446,ID0370751503,3/24/2019,Bakers,"[('Candle Inferno', 2), ('Universe Note', 1)]",4310,78.75,-37.8129413,144.9858829,15,3742.25,Summer,TRUE,0.8852,"best bang for your buck! great overall android phone, no damages during shipping and after a month phone performance hasn't declined, would recommend to anyone who wants to get a upgrade.",TRUE
ORD277196,ID0634774947,1/12/2019,Thompson,"[('pearTV', 1), ('Thunder line', 1), ('Olivia x460', 2)]",10940,92.59,-37.8117484,144.9381916,25,8297.59,Summer,TRUE,0.7875,good it was a gift for my niece. it to her in jamaica.,TRUE
ORD116193,ID3313210924,9/2/2019,Nickolson,"[('pearTV', 2), ('Universe Note', 2), ('Thunder line', 1)]",21700,95.62,-37.8183928,144.9670339,5,20710.62,Spring,TRUE,0.2225,"excellent product excellent product, was received as described, was delivered at the correct time.",TRUE
ORD005004,ID0472236192,5/7/2019,Nickolson,"[('Thunder line', 2), ('Lucent 330S', 2)]",6820,84.09,-37.8015018,144.9661038,0,6904.09,Autumn,TRUE,1.9268,i love it very nice and good product would recomend to others,TRUE
ORD296379,ID0591306178,1/19/2019,Nickolson,"[('Thunder line', 1), ('pearTV', 1)]",8490,77.51,-37.8237,144.9563143,0,8567.51,Summer,FALSE,1.2953,great phone great phone i am still using that and learning more and more about it everyday i still have it and have gone through one case and put a new case on,TRUE
ORD447851,ID0591430562,2/7/2019,Bakers,"[('Alcon 10', 2), ('Toshika 750', 2), ('Universe Note', 1), ('Olivia x460', 2)]",32440,67.27,-37.8174124,144.96759,5,30885.27,Summer,FALSE,0.2169,"five stars it was a gift, my nephew is loving it.",TRUE
ORD078449,ID0030287324,10/20/2019,Nickolson,"[('Olivia x460', 2), ('iAssist Line', 2)]",6900,105.5,-37.8070811,144.9672879,15,5970.5,Spring,TRUE,1.2971,definitively would buy again. has been great to me for the past months. highly suggest for people who want to buy an up to date phone but do not want to pay for the newest universe out.,TRUE
ORD018258,ID0245537598,5/27/2019,Nickolson,"[('Universe Note', 1), ('Lucent 330S', 1), ('iAssist Line', 1), ('iStream', 2)]",7205,65.39,-37.8101638,144.9668186,15,6189.64,Autumn,FALSE,0.9688,my best snapchat phone my snapchats are crystal clear with nice zoom focus. has wide vertical lens capturing a lot in one frame. phones overall performance is smooth and fast. phone is large but overall is the perfect size for cargo pant pockets.,TRUE
ORD282994,ID0577518122,11/7/2019,Nickolson,"[('Candle Inferno', 1), ('Alcon 10', 2), ('iAssist Line', 2), ('Thunder line', 2)]",27140,77.31,-37.8244322,144.9757989,0,27217.31,Spring,FALSE,0.8509,"great! best purchase i have made so far on a phone, definitely worth it.",TRUE
ORD379775,ID0477079436,12/17/2019,Nickolson,"[('Alcon 10', 1), ('Candle Inferno', 1), ('Universe Note', 1), ('Lucent 330S', 1)]",14060,96.53,-37.8078471,144.9744618,10,12750.53,Summer,TRUE,1.272,"camera is awesome outstanding camera!! doesn't seem to freeze or lock up like every other phone i've had. fast, efficient, and it looks way too",TRUE
ORD426442,ID3218227004,11/10/2019,Thompson,"[('Toshika 750', 1), ('iAssist Line', 1)]",6545,87.2,-37.8067528,144.9463506,10,5977.7,Spring,TRUE,0.6621,"i reached out to digico, because the device wanted to sync my phone number but it would not allow because it said my number was already in use.  customer service couldn't help they basically told me to contact sprint to assist.  so thunder does the bare minimum without access to my phone for set up, so its kind of pointless to have and pay for.",FALSE
ORD030654,ID0846546204,5/9/2019,Nickolson,"[('Universe Note', 1), ('Thunder line', 2), ('Toshika 750', 1), ('Lucent 330S', 1)]",13360,64.62,-37.8187471,144.9678683,25,10084.62,Autumn,FALSE,0.1489,"very resilient phone awesome phone. pretty resilient. husband has had one for years now- dropped many times and no crack, break, or issues of any kind. bought this for our oldest son. no problems at all.",TRUE
ORD274334,ID5402876538,12/19/2019,Nickolson,"[('Alcon 10', 2), ('iAssist Line', 2)]",22350,56.34,-37.8210595,144.977085,0,22406.34,Summer,FALSE,0.7171,worst flip phone worst flip phone i ever had. it is difficult to open and the sound is terrible. my old lg vx8300 is far better than this phone.,FALSE
ORD030833,ID2269263377,10/29/2019,Thompson,"[('Olivia x460', 1), ('Alcon 10', 2)]",19125,76.61,-37.8191715,144.9542421,25,14420.36,Spring,FALSE,0.9598,"great value at an excellent price the google pixel is a stellar phone. i love how it is stock android, so no unnecessary apps. the size is perfect, making it feel like tablet that fits in my pocket.",TRUE
ORD256447,ID1404216319,12/13/2019,Nickolson,"[('Candle Inferno', 1), ('Olivia x460', 1), ('Thunder line', 2)]",6015,77.47,-37.8011379,144.9886054,25,4588.72,Summer,FALSE,1.1454,i love this phone i love this phone. very fast and great screen size. super responsive. makes my old s4 seem like a model a,TRUE
ORD103806,ID6167266618,6/4/2019,Nickolson,"[('iAssist Line', 1), ('Universe Note', 1), ('Lucent 330S', 2), ('Alcon 10', 2)]",26035,49.11,-37.8114868,144.9645604,0,26084.11,Winter,FALSE,0.9048,"bluetooth connection with auto is defective i like the usb-3 connection; it is easy to insert and charges quickly. the blue-tooth , however, is defective. connection to my jaguar f-pace is very unstable ever since android update 8-1-0. digico customer service has been very unhelpful and unable to resolve the problem.",FALSE
ORD445375,ID0145245938,1/10/2019,Nickolson,"[('iStream', 2), ('Toshika 750', 1), ('pearTV', 2)]",17240,94.09,-37.8167395,144.9602506,15,14748.09,Summer,TRUE,0.8435,five stars this phone is perfect for my daughter's bday.,TRUE
ORD309901,ID1889198159,6/18/2019,Thompson,"[('Olivia x460', 1), ('Alcon 10', 1), ('Universe Note', 1)]",13218,73.95,-37.81317,144.95144,25,10292.7,Winter,TRUE,0.3884,spectacular but .... beautiful and very fast. my only complaint is that it is not b4 which is the most in latin america....i can only use it on 3g,TRUE
ORD436668,ID3293340264,10/8/2019,Nickolson,"[('Universe Note', 1), ('Lucent 330S', 2), ('Candle Inferno', 1)]",6340,104.15,-37.8241101,144.9820311,5,6127.15,Spring,TRUE,1.2575,bought for wife who is not into the techie word. she likes it - suggest buying a protective screen and padded case for it.,FALSE
ORD335625,ID3218293544,12/20/2019,Thompson,"[('iStream', 2), ('Thunder line', 2), ('Lucent 330S', 2)]",7120,96.9,-37.8040253,144.9528506,25,5436.9,Summer,TRUE,1.0887,nothing much it's really nice phone,TRUE
ORD277791,ID5299391822,7/26/2019,Thompson,"[('Olivia x460', 2), ('Lucent 330S', 1), ('Universe Note', 1)]",7130,49.53,-37.8114219,144.9366916,15,6110.03,Winter,FALSE,0.9232,"one star i never used this phone since i bought, was not charging",FALSE
ORD344823,ID6167344543,4/17/2019,Nickolson,"[('Alcon 10', 2), ('Thunder line', 1)]",20080,63.31,-37.8117424,144.9702604,15,17131.31,Autumn,FALSE,0.7654,four stars nice phone,TRUE
ORD450525,ID0419632515,2/27/2019,Bakers,"[('Candle Inferno', 2), ('Universe Note', 1), ('Toshika 750', 2)]",12950,97.05,-37.8158995,144.9852018,5,12399.55,Summer,TRUE,1.1,five stars excellent product,TRUE
ORD006145,ID0373644746,5/14/2019,Thompson,"[('Alcon 10', 2), ('Candle Inferno', 2), ('Toshika 750', 1), ('iStream', 1)]",23230,71.31,-37.81259697,144.9212169,0,23301.31,Autumn,TRUE,2.3245,had to buy it myself and i got know money back never buy anothet phone the phone came without a sims card or charger,FALSE
ORD177154,ID1463547097,6/19/2019,Bakers,"[('Alcon 10', 1), ('iAssist Line', 1)]",11175,52.87,-37.8189424,145.0023257,15,11939.84102,Winter,FALSE,1.1751,"sucks! i have had so many problems and issues with this phone. i don't receive phone calls, texts come 20 minutes late and i've had problems accessing the internet. worst phone i've ever had.",FALSE
ORD126262,ID1495248920,8/19/2019,Nickolson,"[('Alcon 10', 1), ('Thunder line', 2), ('iAssist Line', 2), ('Olivia x460', 2)]",20210,57.97,-37.8194063,144.9638025,25,15215.47,Winter,TRUE,0.5135,"useless battery the battery life is ridiculous, phone needs to be charged up to 5 times daily. i should be completely refunded for this junk!!!",FALSE
ORD204458,ID3222703085,7/18/2019,Thompson,"[('Universe Note', 2), ('Alcon 10', 2)]",24800,66.64,-37.8019936,144.9443023,25,18666.64,Winter,FALSE,1.2135,five stars awesome,TRUE
ORD261677,ID0107156541,10/2/2019,Nickolson,"[('Universe Note', 2), ('Candle Inferno', 2), ('Thunder line', 2), ('pearTV', 1)]",18430,76.64,-37.8228754,144.9765218,10,16663.64,Spring,FALSE,0.7764,good quality everything was ok,TRUE
ORD336417,ID2905756475,7/11/2019,Thompson,"[('iStream', 1), ('Lucent 330S', 1)]",1380,65.05,-37.8057211,144.951488,0,1445.05,Winter,FALSE,0.866,goes great with our thunder,TRUE
ORD406008,ID3281123500,2/17/2019,Thompson,"[('Lucent 330S', 1), ('Thunder line', 2), ('pearTV', 1)]",11900,79,-37.804787,144.9574515,10,10789,Summer,FALSE,1.2667,great value son loves it best phone of his life,TRUE
ORD457020,ID0355818836,11/10/2019,Bakers,"[('Toshika 750', 2), ('Olivia x460', 2), ('Thunder line', 1)]",13270,58.54,-37.8101377,144.9965834,5,12665.04,Spring,FALSE,0.1199,bad bad,FALSE
ORD202484,ID6206959532,8/21/2019,Thompson,"[('Universe Note', 2), ('Toshika 750', 1)]",11220,69.66,-37.8223792,144.9340469,0,11289.66,Winter,FALSE,1.5744,five stars i would like to have a nother one i love it but cant find it onyour phone page,TRUE
ORD174992,ID0660026700,9/30/2019,Thompson,"[('Universe Note', 1), ('Olivia x460', 2), ('Thunder line', 1)]",8080,86.4,-37.8156484,144.9543811,25,6146.4,Spring,TRUE,0.7233,i absolutely hate this phone it's so slow going from screen to screen ...as well as gets locked up constantly...its just aggravating to use anytime.,FALSE
ORD034889,ID1899315964,9/21/2019,Thompson,"[('Thunder line', 2), ('Candle Inferno', 1)]",4790,91.87,-37.8257446,144.9400985,15,4163.37,Spring,TRUE,1.5789,olivia a10 cellphone. phone does not work. returned.,FALSE
ORD218059,ID0664378467,12/20/2019,Nickolson,"[('Candle Inferno', 1), ('Alcon 10', 2), ('iAssist Line', 1), ('Olivia x460', 1)]",21780,53.17,-37.8201538,144.9669628,5,20744.17,Summer,FALSE,0.2862,"battery sucks the battery on this phone is a joke, i even paid for a replacement battery and the phone still drained it without remorse. i don't recommend this phone to anyone who needs their battery.",FALSE
ORD207527,ID3967629954,8/20/2019,Thompson,"[('Universe Note', 1), ('Candle Inferno', 2), ('Toshika 750', 2)]",12950,77.91,-37.817031,144.9520465,0,13027.91,Winter,TRUE,0.6534,my mom loves it! mom needed a new phone so got her this and she loves it,TRUE
ORD000459,ID0317369535,12/17/2019,Thompson,"[('Lucent 330S', 1), ('Alcon 10', 2), ('Candle Inferno', 1), ('pearTV', 1)]",25870,75.14,-37.8070784,144.9556666,25,19477.64,Summer,FALSE,0.9796,i bought these as a starter online browser. it is a very portable pad . great price.,TRUE
ORD265586,ID2189485869,3/21/2019,Nickolson,"[('iAssist Line', 1), ('Olivia x460', 1)]",3450,66.56,-37.81115,144.9729569,5,3344.06,Autumn,FALSE,1.077335102,everything i expected overall i love the phone everything i expected from the universe s7 edge.,TRUE
ORD375694,ID2975216733,3/14/2019,Thompson,"[('iAssist Line', 1), ('Thunder line', 2), ('Alcon 10', 2), ('Universe Note', 2)]",13218,68.99,-37.7993218,144.9590309,0,31453.99,Autumn,TRUE,1.8209,unlock failed i can't unlock for mobile device not eligible forma unlock .i need help,FALSE
ORD256825,ID4893634360,7/4/2019,Thompson,"[('Lucent 330S', 1), ('Olivia x460', 1), ('Candle Inferno', 2), ('Universe Note', 2)]",10215,78.6,-37.8139548,144.92984,5,9782.85,Winter,TRUE,1.5218,five stars came on time and clean and works well!,TRUE
ORD007778,ID0591258553,1/8/2019,Thompson,"[('Thunder line', 1), ('iAssist Line', 1)]",4405,83.84,-37.8239999,144.9537655,25,3387.59,Summer,TRUE,1.3916,one star this is not unlocked for the browser,FALSE
ORD193761,ID0049492954,2/23/2019,Nickolson,"[('Universe Note', 2), ('Thunder line', 1)]",9080,52.11,-37.8196559,144.9686385,25,6862.11,Summer,FALSE,0.1428,no good!!!!,FALSE
ORD166958,ID0579490624,5/9/2019,Thompson,"[('Toshika 750', 1), ('Alcon 10', 2)]",22220,63.62,-37.8170235,144.9515201,0,22283.62,Autumn,FALSE,0.6227,quick service thank you,TRUE
ORD410286,ID6167236693,9/23/2019,Nickolson,"[('Universe Note', 1), ('Lucent 330S', 1), ('pearTV', 2)]",17300,102.6,-37.8123737,144.9623874,5,16537.6,Spring,TRUE,0.9362,alcon 6 it's all good. i don't have time for rating.,TRUE
ORD240470,ID1132023820,1/29/2019,Thompson,"[('Toshika 750', 1), ('iAssist Line', 1), ('Alcon 10', 2)]",24445,89.6,-37.8173643,144.9460147,0,24534.6,Summer,TRUE,0.5304,love it,TRUE
ORD046222,ID4633638466,11/5/2019,Thompson,"[('Lucent 330S', 2), ('Alcon 10', 2), ('Toshika 750', 1), ('Olivia x460', 2)]",27130,99.49,-37.8064157,144.9440786,10,24516.49,Spring,TRUE,0.7446,amazing,TRUE
ORD376338,ID5292513667,10/30/2019,Thompson,"[('Universe Note', 1), ('iStream', 2)]",3750,77.82,-37.8157298,144.9380366,15,3265.32,Spring,FALSE,0.8641,no double tab for turn off screen note 9 don't have program for turn off screen with double tab on screen. most new smart phone have this program.,TRUE
ORD006733,ID4294474616,2/14/2019,Nickolson,"[('Toshika 750', 2), ('Candle Inferno', 2), ('iStream', 1), ('Olivia x460', 1)]",10875,101.18,-37.8032166,144.97398,15,9344.93,Summer,TRUE,1.7556,fastest phone ive ever had never going back to android...only con is battery life other this is a great phone needs more aps but has almost everything i need,TRUE
ORD252126,ID6197209833,1/8/2019,Thompson,"[('Toshika 750', 2), ('pearTV', 1)]",14950,83.12,-37.8169827,144.9317622,5,14285.62,Summer,TRUE,1.429,doesn't work anymore phone is practically useless after 4 months. a recent update has made it so it will not connect to the network.,FALSE
ORD194353,ID0247532606,7/26/2019,Thompson,"[('iAssist Line', 1), ('Universe Note', 1)]",5675,77.81,-37.8179326,144.9511252,10,5185.31,Winter,TRUE,0.6856,improved over the hd 7. things set up differently but not hard to learn. also a bit heavier than the 7 so reading in bed a little harder,TRUE
ORD351626,ID1463547060,5/11/2019,Bakers,"[('iStream', 1), ('Universe Note', 1), ('Alcon 10', 1)]",12550,51.1,-37.818372,145.0015339,0,12601.1,Autumn,FALSE,1.0847,more interaction is needed between other devices. too hard to remember opening statements to get thunder to respond.,FALSE
ORD042448,ID0030943323,8/14/2019,Thompson,"[('Olivia x460', 1), ('iAssist Line', 2)]",5675,79.37,-37.8021155,144.9416163,0,5754.37,Winter,TRUE,1.2693,works well excellent,TRUE
ORD099468,ID5668009842,11/15/2019,Bakers,"[('Lucent 330S', 2), ('Alcon 10', 1), ('Toshika 750', 2)]",20050,108.17,-37.8110215,145.015575,10,18153.17,Spring,TRUE,1.7927,very user friendly. for the price best deal out there.,TRUE
ORD107479,ID6167489369,9/18/2019,Thompson,"[('pearTV', 1), ('Thunder line', 1)]",8490,102.15,-37.8119751,144.9574745,0,8592.15,Spring,TRUE,0.9184,good product. happy with my new phone good product. happy with my new phone. supreme deals 18 has awesome customer service too. the phone i ordered got lost in transit over the holodays and they overnighted me a replacement asap!,TRUE
ORD118780,ID0245507511,8/7/2019,Thompson,"[('Candle Inferno', 2), ('Thunder line', 2), ('Olivia x460', 2), ('pearTV', 1)]",13980,71.14,-37.7988615,144.9578438,5,13352.14,Winter,FALSE,1.8061,battery drains fast the battery drains too fast but other wise good phone,TRUE
ORD372815,ID1668523294,2/8/2019,Nickolson,"[('Olivia x460', 2), ('iAssist Line', 2), ('Toshika 750', 2)]",15540,77.99,-37.8215275,144.9617357,15,13286.99,Summer,TRUE,0.7608,buyer beware it's not the real s8,FALSE
ORD086583,ID0129279833,5/8/2019,Bakers,"[('Olivia x460', 2), ('Alcon 10', 2)]",20350,79.59,-37.8020804,144.9950531,5,19412.09,Autumn,TRUE,0.8813,"lucent again! for the few days of use this phone has done nothing but delivered. fingerprint reader is responsive and easy to access, i'm getting almost 2 days of battery life with moderate use (results will vary when gaming). no lag so far. this was a good purchase.",TRUE
ORD010329,ID2181275342,4/12/2019,Thompson,"[('iAssist Line', 2), ('iStream', 1)]",4600,80.7,-37.810944,144.9589427,10,4220.7,Autumn,TRUE,1.0618,"i love it but my only issue is every time i ... i love it but my only issue is every time i go to make a phone call ""visual voicemail"" box pops up and i have to hit cancel",TRUE
ORD064640,ID5959605033,5/7/2019,Bakers,"[('pearTV', 2), ('Universe Note', 1), ('Candle Inferno', 2), ('iStream', 1)]",17080,78.12,-37.8135696,144.9912567,0,17158.12,Autumn,TRUE,0.5296,"this is not the droid turbo 2 i like lucentrola and have had several. beware, this phone has the standard, easily breakable screen. either get a protective case or buy the droid turbo 2 with the virtually unbreakable screen.",TRUE
ORD004228,ID0589488560,10/12/2019,Nickolson,"[('pearTV', 2), ('Thunder line', 2)]",16980,77.32,-37.8199582,144.9587172,25,12812.32,Spring,FALSE,0.9647,"phone perfect for needs! i normally only use my cell phone for emergencies, but this phone is very easy to use so i have found myself using it more often. switching between text modes is not as smooth as i would like, but for the price & its general use it's fine.",TRUE
ORD060193,ID0778809779,8/18/2019,Thompson,"[('iAssist Line', 1), ('iStream', 2)]",2525,80.8,-37.799738,144.9573739,15,2227.05,Winter,TRUE,1.7014,first smart phone my brother enjoys it has raved about it says it's his first smart phone and he's looking forward to using it.,TRUE
ORD243583,ID0778942399,7/6/2019,Bakers,"[('Universe Note', 2), ('pearTV', 1)]",13210,82.77,-37.8145441,145.0141839,15,11311.27,Winter,TRUE,1.7419,"gave to my grandchildren for christmas, would like to get another for the same price for another grandchild.",TRUE
ORD413748,ID0667680185,1/8/2019,Nickolson,"[('pearTV', 1), ('iStream', 1), ('Olivia x460', 2), ('Universe Note', 1)]",12360,55.58,-37.8132381,144.9715599,10,11179.58,Summer,FALSE,0.6219,cheap this phone is very heavy even with a pop socket its hard to hold .. and the battery will last you one day .. if you dont talk or text too much. its very slow and the back pops off about 25 times a day . all the negative reviews are true !!,FALSE
ORD349449,ID6197211186,1/28/2019,Thompson,"[('Thunder line', 2), ('iAssist Line', 1)]",6585,83.49,-37.8149579,144.9275204,25,5022.24,Summer,FALSE,1.7378,five stars i am loving it,TRUE
ORD409041,ID0387700304,3/4/2019,Nickolson,"[('Candle Inferno', 1), ('Toshika 750', 1), ('Thunder line', 1), ('Olivia x460', 1)]",8155,48.66,-37.8204674,144.9663312,15,6980.41,Autumn,FALSE,0.3516,"horrible phone disappointed in the phone, when it arrived it didn’t turn on. i automatically thought it was a battery issue so i paid to have a new battery installed. after that it still didn’t turn on. pretty much trash never again!! one star for fast shipping.",FALSE
ORD015428,ID1982456959,11/18/2019,Bakers,"[('Lucent 330S', 2), ('Universe Note', 1), ('Candle Inferno', 1), ('Thunder line', 1)]",8520,101.26,-37.8175294,144.9959598,5,8195.26,Spring,TRUE,0.841,five stars good product and excellent customer service. would buy again. thank you!,TRUE
ORD314117,ID0591351805,8/15/2019,Nickolson,"[('pearTV', 1), ('Alcon 10', 2)]",24210,51.18,-37.8209535,144.9570374,5,23050.68,Winter,FALSE,1.1313,convoy 2? maybe? i got the package today in the mail only to find just a charger and a battery. no phone! so mad!,FALSE
ORD197481,ID1449266817,2/5/2019,Bakers,"[('iStream', 1), ('Lucent 330S', 2), ('pearTV', 1)]",8920,76.98,-37.816262,144.9835422,10,8104.98,Summer,FALSE,1.2423,it is easily set to on bought it for my daughter. she loves it. only set back is it will turn on in her backpack and go off. it is easily set to on. she can't have that happening in school. keeps a charge for 2-3 days. very reliable.,TRUE
ORD463467,ID6126066495,11/14/2019,Bakers,"[('Candle Inferno', 1), ('Thunder line', 2)]",4790,84.1,-37.8172742,145.0132878,10,4395.1,Spring,FALSE,1.7826,not fake i was confused i thought this was fake. turns out the 3g version is matte colored and the 2g is glossy,TRUE
ORD072956,ID0591435153,7/5/2019,Nickolson,"[('iStream', 2), ('pearTV', 1)]",6610,71.98,-37.8176985,144.9692462,15,5690.48,Winter,TRUE,0.1033,five stars great phone even after being released a year ago.,TRUE
ORD455415,ID0233315133,2/16/2019,Nickolson,"[('Lucent 330S', 2), ('Alcon 10', 2), ('Toshika 750', 1)]",24680,106.21,-37.7999603,144.9736911,10,22318.21,Summer,TRUE,2.1061,solid buy phone has been solid especially for the price.,TRUE
ORD467869,ID0529205664,10/20/2019,Thompson,"[('Thunder line', 1), ('Toshika 750', 2), ('Olivia x460', 2)]",13270,83.84,-37.8243004,144.9369768,0,11939.84102,Spring,FALSE,1.5693,quality excellent product,TRUE
ORD413136,ID6167413260,12/25/2019,Nickolson,"[('Universe Note', 1), ('Thunder line', 1), ('iStream', 1), ('iAssist Line', 1)]",8005,70.11,-37.8136163,144.9656842,5,7674.86,Summer,FALSE,0.6502,"four stars still very much in love with my xp 6. however, the charger has already developed a fault.",TRUE
ORD225147,ID0660546021,7/4/2019,Bakers,"[('pearTV', 1), ('Universe Note', 2), ('Lucent 330S', 1), ('Toshika 750', 1)]",18760,59.27,-37.81259697,144.9908827,15,16005.27,Winter,TRUE,0.443,deceptive ad wrong items,FALSE
ORD083901,ID5457962366,9/14/2019,Thompson,"[('Toshika 750', 1), ('pearTV', 1), ('iStream', 1)]",10780,78.41,-37.8224787,144.9399782,15,9241.41,Winter,FALSE,1.2571,"excelent product excellent relationship quality price, stable, fast, good camera. recommendable",TRUE
ORD338760,ID3215192057,7/21/2019,Thompson,"[('Candle Inferno', 1), ('iStream', 2), ('Thunder line', 1)]",2910,59.15,-37.8099896,144.9477885,25,2241.65,Winter,TRUE,0.3054,"bad charging port i connected several different charging cords to this phone, purchased from buyspry, and none of them would reliably stay connected. these cords all work just fine with my old phone. sent back to seller and refund has been approved.",FALSE
ORD290022,ID0030942265,7/5/2019,Thompson,"[('iStream', 2), ('Universe Note', 1)]",3750,72.71,-37.8110569,144.9503794,5,3635.21,Winter,TRUE,0.3422,i love all of the things that it can do. i can play with it and learn from it.,TRUE
ORD123204,ID0131107628,8/19/2019,Nickolson,"[('Candle Inferno', 2), ('iStream', 2), ('iAssist Line', 1), ('Thunder line', 1)]",5565,51.47,-37.8146506,144.9593159,0,5616.47,Winter,FALSE,1.0014,one star not a good phone the power button quit working!,FALSE
ORD431612,ID6167440966,10/24/2019,Nickolson,"[('Alcon 10', 1), ('pearTV', 1), ('Thunder line', 2), ('iAssist Line', 1)]",21845,99.79,-37.8152578,144.9634694,5,20852.54,Spring,TRUE,0.6512,wonderful this phone works really well better than expected .. will definitely buy again thanks again,TRUE
ORD231430,ID0260907240,8/9/2019,Bakers,"[('Toshika 750', 1), ('Lucent 330S', 1)]",5550,83.42,-37.8218698,145.0103197,0,5633.42,Winter,TRUE,1.8728,it's amazing my sister loves it,TRUE
ORD025239,ID1725216525,10/3/2019,Thompson,"[('Thunder line', 2), ('Toshika 750', 1), ('iAssist Line', 1), ('Candle Inferno', 2)]",11765,107.97,-37.8029493,144.9619552,25,8931.72,Spring,TRUE,1.6987,"... have this phone for 2 months and im absolutely love it. 6' beautiful large phone i have this phone for 2 months and im absolutely love it. 6' beautiful large phone. i don't play games on my phone, dont watch video. calls, facebook, txt, internet average data use. charging every 3 days...!!!!",TRUE
ORD047781,ID0266740008,8/18/2019,Bakers,"[('Thunder line', 1), ('Olivia x460', 1), ('Alcon 10', 1)]",12355,65.47,-37.8233453,144.993547,10,11184.97,Winter,TRUE,1.4934,not satisfied at all the phone did not hold charge and they were only going to give a refund $30 in the cost of the battery. i had to personally buy the battery out of pocket at$110.00. not satisfied at all.,FALSE
ORD276249,ID4735909076,7/7/2019,Thompson,"[('Olivia x460', 2), ('Candle Inferno', 2), ('Alcon 10', 2)]",13218,78.24,-37.804139,144.9498345,0,21288.24,Winter,TRUE,0.9806,beautiful just like it,TRUE
ORD143352,ID0370242178,2/28/2019,Nickolson,"[('Olivia x460', 2), ('Lucent 330S', 2)]",4910,103.46,-37.8004891,144.9715618,15,4276.96,Summer,TRUE,2.0232,"so far it has worked well. not always intuitive as to how to link different devices, or ""skills"", but getting the hang of it.",TRUE
ORD247688,ID0364850701,5/29/2019,Bakers,"[('Universe Note', 2), ('Toshika 750', 2), ('iAssist Line', 1)]",17765,66.7,-37.8055792,144.9813172,10,16055.2,Autumn,TRUE,1.3189,phone stopped working within 6 months and i've had a ... phone stopped working within 6 months and i've had a very hard time trying to activate my warranty or reach someone to discuss how to get my phone fixed. don't buy this phone if manufactured in vietnam!!,FALSE
ORD152671,ID4271393506,5/16/2019,Nickolson,"[('iStream', 1), ('Olivia x460', 2), ('pearTV', 2)]",15220,66.92,-37.8149911,144.9593497,15,13003.92,Autumn,FALSE,0.9827,great phone. had it for a year and still ... great phone. had it for a year and still is not suffering from lag like other phones i have had. works amazingly! camera is the bomb!,TRUE
ORD104258,ID0170217605,11/3/2019,Bakers,"[('Toshika 750', 1), ('Lucent 330S', 1)]",5550,99.61,-37.8099215,144.9912177,5,5372.11,Spring,TRUE,0.3531,nice nice refurbished product. virtually flawless. detracting 1 star because the charger is a cheaply made in china.,TRUE
ORD364246,ID0385026689,4/8/2019,Bakers,"[('iAssist Line', 1), ('Candle Inferno', 2)]",3085,65.37,-37.8006678,144.9975125,25,2379.12,Autumn,FALSE,1.0576,its great for the money. looks and works like new. i'd buy another olivia in a minute. i would not buy a new one for full price. i hope this one lasts a long time but i don't know what to expect.,TRUE
ORD079441,ID6167441023,2/4/2019,Thompson,"[('Thunder line', 1), ('Candle Inferno', 2), ('iStream', 1), ('Alcon 10', 1)]",12140,63.46,-37.8091486,144.9609023,5,11596.46,Summer,FALSE,1.2783,one star never ordered never got iy,FALSE
ORD434041,ID1492175313,4/1/2019,Thompson,"[('Lucent 330S', 2), ('iAssist Line', 1), ('iStream', 2), ('Candle Inferno', 2)]",5845,71.88,-37.8026534,144.9634908,10,5332.38,Autumn,FALSE,1.8248,"very pleased with my purchase of thunder smart speaker - love the fact that i can play music of different genre's whenever i want.had some trouble at first with the wi fi, but it is now working.",TRUE
ORD384543,ID3114182131,12/11/2019,Nickolson,"[('iAssist Line', 2), ('iStream', 2), ('Lucent 330S', 2), ('Candle Inferno', 2)]",8070,75.25,-37.8110334,144.9635955,0,8145.25,Summer,FALSE,0.9914,upgraded from my lilttle thunder line. happy with sound,TRUE
ORD071902,ID0844490198,2/16/2019,Thompson,"[('Candle Inferno', 1), ('iStream', 1)]",580,75.64,-37.8222216,144.949747,15,568.64,Summer,FALSE,1.0887,perfect item.. perfect i have it for almost 1year and never a si for issue.. perfect condition like new.. thank you,TRUE
ORD482818,ID0575381329,12/11/2019,Nickolson,"[('Lucent 330S', 2), ('iAssist Line', 1), ('Universe Note', 2), ('Alcon 10', 1)]",20535,77.97,-37.8204016,144.9826808,5,19586.22,Summer,FALSE,1.1719,it has replaced my clock and google mini on my nightstand.  outstanding little device.  i hope an update will give a simple face and font color options for the clock.,TRUE
ORD004262,ID5648622173,6/23/2019,Thompson,"[('Lucent 330S', 2), ('Toshika 750', 2), ('Candle Inferno', 2), ('Alcon 10', 2)]",29860,83.55,-37.8002642,144.9635872,10,26957.55,Winter,TRUE,2.0047,great for the price i paid! i use this phone for a dummy line on my account and for 9.99 you cant beat it. awesome for what i needed.,TRUE
ORD131598,ID2759826600,6/4/2019,Nickolson,"[('Thunder line', 1), ('Olivia x460', 2), ('Lucent 330S', 2), ('Candle Inferno', 2)]",7950,63.85,-37.8105582,144.9661141,0,8013.85,Winter,TRUE,1.1134,"the phone arrived locked. after all the hassle, ... the phone arrived locked. after all the hassle, i had to buy one from the my carrier. without a phone for days...",FALSE
ORD073001,ID0597546784,11/10/2019,Nickolson,"[('pearTV', 2), ('Thunder line', 1), ('Lucent 330S', 2)]",17260,75.34,-37.8150965,144.964039,15,14746.34,Spring,FALSE,0.6218,"inquiries i love the galaxies, now i want to buy both 8+ and 8 but i don't want the dual sim cos that's what we have in nigeria. though i want to use them in nigeria.",TRUE
ORD261780,ID4655086233,6/5/2019,Thompson,"[('pearTV', 2), ('Universe Note', 1), ('iAssist Line', 1), ('Thunder line', 2)]",22655,63.03,-37.8106759,144.9462069,0,22718.03,Winter,FALSE,0.2349,five stars best price for the phone,TRUE
ORD120426,ID6167489412,10/25/2019,Thompson,"[('Toshika 750', 1), ('iStream', 1)]",4470,76.84,-37.8100277,144.9585231,15,3876.34,Spring,FALSE,1.0495,five stars like new,TRUE
ORD186780,ID0938149791,9/23/2019,Nickolson,"[('Lucent 330S', 1), ('iStream', 2)]",1530,109.36,-37.8007919,144.9701024,0,1639.36,Spring,TRUE,1.9824,gud it's a great phone for the price and the camera is pretty decent. def worth getting if you want a pretty good phone for cheap,TRUE
ORD146391,ID1560149598,6/5/2019,Thompson,"[('iAssist Line', 2), ('Olivia x460', 2), ('Thunder line', 2)]",11260,50.35,-37.8152763,144.9366486,25,8495.35,Winter,FALSE,0.9611,el producto nunca llego el producto nunca llego,FALSE
ORD191062,ID1715985894,3/17/2019,Nickolson,"[('iStream', 2), ('Universe Note', 2), ('Thunder line', 2), ('Candle Inferno', 1)]",11990,79.85,-37.8230989,144.9622591,5,11470.35,Autumn,TRUE,0.8139,"great product. sometimes iassist does not understand some commands for my inferno tv. all in all, this is a fabulous speaker.",TRUE
ORD268590,ID0257505809,8/9/2019,Thompson,"[('iStream', 2), ('Olivia x460', 2)]",2750,57.11,-37.7993102,144.963207,15,2394.61,Winter,FALSE,2.056,"used not new as described this phone was described as ""new"". was not sealed and when opened the box was some dust all around. battery was drained and after powering on the phone was ready to use instead of factory reset... (welcome stage, language etc.) returning this... wasted time!!!",FALSE
ORD344737,ID0356085105,6/4/2019,Bakers,"[('Olivia x460', 2), ('iAssist Line', 1), ('Universe Note', 2), ('Lucent 330S', 2)]",14035,63.57,-37.8146759,145.0015684,25,10589.82,Winter,FALSE,0.7628,"olivia universe s4 - sprint an amazing smart phone! this is essentially a small computer in your hands. it has very many different functions and with the ""free"" android software that is available, there does not seem to be any limitations to what it can do! way to go olivia!",TRUE
ORD159597,ID2632208068,8/18/2019,Thompson,"[('Lucent 330S', 2), ('Candle Inferno', 2), ('pearTV', 1)]",9630,80.4,-37.819355,144.9895766,10,8747.4,Winter,TRUE,1.1544,quality love it,TRUE
ORD440402,ID1594632451,9/14/2019,Nickolson,"[('Toshika 750', 2), ('Candle Inferno', 1), ('pearTV', 2), ('Olivia x460', 2)]",24140,77.52,-37.8206466,144.9793256,5,23010.52,Spring,FALSE,0.8893,"smart simple good price ok a phone that is a simple phone (no camera ) but i bought one to replace my att xp ,it is light / slim ..only thing back cover paper thin becarefull , but other wise its a great deal for the buck ,, pick a plan that suits your needs and go phone without paying a lot !!",TRUE
ORD255812,ID2174963254,2/13/2019,Thompson,"[('Olivia x460', 1), ('pearTV', 2), ('Lucent 330S', 2)]",16305,98.11,-37.8208542,144.9549213,25,12326.86,Summer,TRUE,1.1429,five stars good replacement phone. much less expensive than going for the latest model.,TRUE
ORD298794,ID6167441037,10/9/2019,Nickolson,"[('pearTV', 2), ('iAssist Line', 2), ('iStream', 1), ('Olivia x460', 1)]",18445,80.38,-37.8102441,144.9614737,15,15758.63,Spring,FALSE,1.1699,five stars i love my universe note 3! the screen image is amazing.,TRUE
ORD059081,ID0242532840,3/16/2019,Nickolson,"[('pearTV', 2), ('iAssist Line', 1), ('Candle Inferno', 2)]",15705,71.23,-37.7991681,144.9724538,0,15776.23,Autumn,FALSE,2.1776,"why charging too much for colors ? very fast deliver , stylish , good price , awesome screen , fast charging",TRUE
ORD250242,ID0287630803,10/13/2019,Thompson,"[('Olivia x460', 2), ('iStream', 2)]",2750,100.85,-37.806362,144.9466284,5,2713.35,Winter,TRUE,0.7036,wtc as of right now it's more of a paper weight. not able to use at all with out sim card... bought for prepaid phone.... looked at online was under the impression could switch it over from my universe 3 best value for price has under skirt to hide the goodshitch has no sim card...,TRUE
ORD261822,ID0030948028,12/23/2019,Bakers,"[('Alcon 10', 1), ('Thunder line', 2), ('iStream', 2)]",13610,83.18,-37.8146136,145.0091926,15,11651.68,Summer,TRUE,1.331,damaged comes damaged with a broken charger with no headphones and the charger,FALSE
ORD450133,ID4544002874,5/24/2019,Nickolson,"[('Thunder line', 1), ('Universe Note', 1), ('Lucent 330S', 1)]",6860,81.04,-37.8108968,144.9668054,5,6598.04,Autumn,TRUE,0.8903,it a great product for the price it for personal use,TRUE
ORD357840,ID3215192056,11/13/2019,Thompson,"[('Lucent 330S', 1), ('Thunder line', 2), ('Candle Inferno', 2), ('pearTV', 1)]",12760,73.62,-37.8100895,144.9478642,15,10919.62,Spring,FALSE,0.296,great phone great,TRUE
ORD108428,ID0579392261,10/9/2019,Nickolson,"[('Thunder line', 1), ('Toshika 750', 1), ('Lucent 330S', 1)]",7730,105.73,-37.822232,144.9559424,25,5903.23,Spring,TRUE,1.2633,features out weigh the cost this was purchased as a gift for a middle schooler. its a great starter phone with the added bonus of windows os it allows for school work to be accessed on the go. no complaints from the receiver.,TRUE
ORD263376,ID1463620428,8/30/2019,Bakers,"[('iAssist Line', 2), ('pearTV', 1), ('Lucent 330S', 2), ('Toshika 750', 1)]",17540,68.29,-37.8167483,145.0074769,5,16731.29,Winter,FALSE,1.3132,phone was in perfect condition. came sealed and packed with charger. also included instructions for setting up phone for different cell phone carriers. phone was in perfect condition.,TRUE
ORD388514,ID2207661088,7/4/2019,Thompson,"[('Universe Note', 1), ('Thunder line', 1)]",5630,53.76,-37.8005422,144.9459658,25,4276.26,Winter,FALSE,1.3539,pro's gps accurate--easy to set-upcons small screen--does not count stairs adequately--would not push notification to my olivia 7 edge,FALSE
ORD243081,ID0312719417,12/28/2019,Thompson,"[('pearTV', 1), ('Lucent 330S', 2), ('Olivia x460', 1)]",9995,105.73,-37.8003085,144.9629788,0,10100.73,Summer,TRUE,1.9628,"great little tablet to take with you, great for kids",TRUE
ORD384560,ID0356098483,5/4/2019,Bakers,"[('pearTV', 2), ('Alcon 10', 1), ('Olivia x460', 1), ('Thunder line', 1)]",24975,51.74,-37.8214261,144.9918042,5,23777.99,Autumn,FALSE,1.3076,no carga istream no carga istream y nadie sabe porqué no lo recomiendo por esto y me gasto reconfigurarlo,FALSE
ORD471699,ID1327054109,1/17/2019,Nickolson,"[('pearTV', 1), ('Alcon 10', 2), ('iAssist Line', 2)]",28660,92.37,-37.8133795,144.9647797,15,24453.37,Summer,TRUE,0.7163,fragile phone no durability this phone has great camera and nice storage i live the pen however it it very fragile it fell one time and distros the back and front of the phone,TRUE
ORD352512,ID0709975513,8/23/2019,Thompson,"[('Alcon 10', 1), ('Olivia x460', 1)]",10175,80.36,-37.8158807,144.9338778,0,10255.36,Winter,TRUE,1.2137,... on the screen but other then that it works like a charm it has a deep scuff on the screen but other then that it works like a charm,TRUE
ORD063432,ID5457984809,11/4/2019,Thompson,"[('Thunder line', 2), ('pearTV', 1), ('Alcon 10', 1), ('Toshika 750', 1)]",23940,78.25,-37.8219186,144.9375504,5,22821.25,Spring,FALSE,1.3266,looks good so far im going to use this week with my over see trip .looks good so far.,TRUE
ORD410041,ID0634780265,10/15/2019,Thompson,"[('Thunder line', 1), ('Olivia x460', 1), ('Lucent 330S', 1), ('iAssist Line', 1)]",6860,101.27,-37.8120059,144.9386635,15,5932.27,Spring,TRUE,0.7429,"it’s pretty good the button was stiff and there was already a crack so when i dropped it, it cracked more",TRUE
ORD103121,ID0307587086,8/22/2019,Nickolson,"[('Thunder line', 2), ('iStream', 2), ('pearTV', 1), ('Alcon 10', 1)]",19920,66.98,-37.8149101,144.958935,0,19986.98,Winter,FALSE,1.0197,satisfied customer olivia is the best!!!!!!,TRUE
ORD242905,ID0836066530,1/8/2019,Thompson,"[('iAssist Line', 2), ('Toshika 750', 1), ('Candle Inferno', 1)]",9200,93.27,-37.820783,144.9486473,15,7913.27,Summer,TRUE,0.9134,light weight and easy to use. very user-friendly. durable.,TRUE
ORD227970,ID0723958666,9/1/2019,Bakers,"[('Olivia x460', 2), ('pearTV', 1), ('Toshika 750', 2), ('Lucent 330S', 2)]",19860,104.47,-37.8025074,145.0050736,15,16985.47,Spring,TRUE,1.2017,get this now! love love love this phone! it's all you could want and more!,TRUE
ORD241331,ID0594172806,2/26/2019,Nickolson,"[('Candle Inferno', 2), ('Thunder line', 1), ('iStream', 2)]",3340,68.08,-37.8159881,144.9662227,25,2573.08,Summer,FALSE,0.4122,this thing is awesome. we watch it more then the regular cable. going to by more on black friday as christmas gifts.,TRUE
ORD307742,ID0781083503,2/12/2019,Bakers,"[('iStream', 2), ('Olivia x460', 1)]",1525,87.33,-37.8242368,145.0136894,15,1383.58,Summer,FALSE,2.2688,"product is good. but i did not know when i purchased ... product is good. but i did not know when i purchased it, it did not have a sim and memory card.",TRUE
ORD471978,ID6197211588,3/13/2019,Thompson,"[('pearTV', 1), ('iAssist Line', 2), ('Alcon 10', 1), ('Thunder line', 2)]",24070,66.85,-37.8149802,144.9327877,25,18119.35,Autumn,FALSE,1.2819,excellent conditions it is working very well.,TRUE
ORD349838,ID0031477180,4/5/2019,Bakers,"[('Alcon 10', 1), ('Candle Inferno', 1), ('iAssist Line', 1), ('iStream', 2)]",11905,64.68,-37.8021759,145.0079513,15,10183.93,Autumn,TRUE,1.4175,will not seem to charge all the way and this is my 7th kindlle.,TRUE
ORD498065,ID1463620961,11/17/2019,Bakers,"[('Alcon 10', 2), ('iAssist Line', 1), ('Lucent 330S', 1)]",21355,65.09,-37.8192464,145.005678,10,19284.59,Spring,FALSE,1.3799,. my phone has dust on the camera lens. i can nota traje a picture,FALSE
ORD386228,ID4305737105,10/2/2019,Bakers,"[('Candle Inferno', 2), ('Universe Note', 2), ('Toshika 750', 2), ('Olivia x460', 1)]",17625,104.54,-37.8127666,145.0127195,25,11939.84102,Spring,TRUE,1.5685,like it. still working discovery. really too soon to fully evaluate. but looking forward to learning and using it.,TRUE
ORD078069,ID1458418088,1/12/2019,Bakers,"[('Lucent 330S', 1), ('Toshika 750', 2), ('pearTV', 1)]",16180,101.81,-37.8196704,145.0100186,0,16281.81,Autumn,TRUE,1.6884,"excelente el producto llego en perfectas condiciones. solo con una pequena raya en la pantalla, excelente",TRUE
ORD387776,ID0289602641,7/6/2019,Thompson,"[('Lucent 330S', 1), ('pearTV', 1)]",7540,62.35,-37.81259697,144.9509758,10,6848.35,Winter,FALSE,0.4297,good quality product. clear display and easy to use.,TRUE
ORD312391,ID0746912546,10/10/2019,Nickolson,"[('iAssist Line', 2), ('iStream', 1), ('Universe Note', 2)]",11500,65.57,-37.8252847,144.9827537,15,9840.57,Spring,FALSE,1.3792,the layout of the tablet is good. internet is terrible.,FALSE
ORD016552,ID0283334264,10/20/2019,Thompson,"[('iAssist Line', 1), ('Universe Note', 1), ('Thunder line', 2)]",10035,83.29,-37.8013402,144.9561196,25,7609.54,Winter,FALSE,1.4917,saves you money and trustworthy. i love my phone. i've had mine several weeks and it has proven to be in excellent condition and working order as descibed.,TRUE
ORD452153,ID4061053460,10/6/2019,Bakers,"[('pearTV', 1), ('Olivia x460', 1)]",7535,72.19,-37.8097941,144.9931233,15,6476.94,Spring,FALSE,0.1868,the sim card is inserted from the top of the phone using a little device that allows the card holder to spring out. the phone took awhile to figure out. however it works really well and has a ton of internal data storage so there is no need for an sd card.,TRUE
ORD049050,ID0775942584,10/5/2019,Thompson,"[('iStream', 2), ('Olivia x460', 2)]",2750,107.97,-37.8054164,144.9615204,25,2170.47,Spring,TRUE,1.506,"this is my second inferno, i'm upgrading from the 2nd generation 7"" model. love the screen resolution. movies and videos are sharp and no pixelating. the camera is a bonus my first version did not have. all together this was a great buy for under $100 on sale. thank you best buy.",TRUE
ORD276978,ID4655129050,4/20/2019,Thompson,"[('Toshika 750', 1), ('iAssist Line', 2), ('Lucent 330S', 1)]",10000,65.23,-37.8092032,144.9477568,25,7565.23,Autumn,FALSE,0.391,works well love this phone.,TRUE
ORD471572,ID0781091923,8/26/2019,Bakers,"[('Thunder line', 1), ('Universe Note', 1), ('Toshika 750', 1)]",9950,53.6,-37.8125191,145.0132056,25,7516.1,Winter,FALSE,1.6054,"beware - battery may stop charging for no reason. i have bought two of these. both phones have died because of battery issues. the first one died after about 4 months, and the 2nd one died in only 6. i never made any modifications to either phone. after a time they just refuse to charge at all. i suppose you get what you pay for... buyer beware.",FALSE
ORD308508,ID6167278778,9/29/2019,Thompson,"[('pearTV', 1), ('Toshika 750', 1), ('Olivia x460', 2)]",13080,73.5,-37.8130247,144.9521634,10,11845.5,Spring,FALSE,0.4497,great phone :) great phone. great price. very happy to have and own this phone. :),TRUE
ORD286387,ID2347007256,10/19/2019,Nickolson,"[('Universe Note', 1), ('Olivia x460', 2), ('Toshika 750', 2)]",14540,80.69,-37.823731,144.9826913,15,12439.69,Spring,FALSE,1.2892,"i highly recommend!! i give this a five star rating, hands down! the phone is in excellent condition. i can go days without charging the phone because the battery is great!!! this is an amazing value and great quality!!!",FALSE
ORD456564,ID1132057274,4/21/2019,Thompson,"[('pearTV', 1), ('Universe Note', 2), ('Olivia x460', 2)]",15660,77.17,-37.816154,144.9454322,10,14171.17,Autumn,TRUE,0.4133,"perfect without issues, all perfect",TRUE
ORD287765,ID0257505383,11/6/2019,Thompson,"[('Olivia x460', 1), ('Thunder line', 2), ('Alcon 10', 2)]",23485,96.76,-37.7992037,144.9661141,25,17710.51,Spring,TRUE,2.06,this phone sucks the wifi and the bluetooth disconnect all the time ... this phone sucks the wifi and the bluetooth disconnect all the time and the battery is really bad sometimes people text me and i dont get the text not good product,FALSE
ORD436193,ID3094966840,3/22/2019,Thompson,"[('Thunder line', 2), ('iAssist Line', 2)]",8810,79.91,-37.8033298,144.9480135,5,8449.41,Autumn,TRUE,1.0434,"great device for the price. good looking screen, quick and efficient. digico app store isn't that bad either",TRUE
ORD052574,ID0385026713,3/14/2019,Bakers,"[('Alcon 10', 1), ('Universe Note', 2), ('Candle Inferno', 2)]",13218,65.54,-37.8004608,144.995272,25,12598.04,Autumn,FALSE,1.0614,great for use without data plan used it on at&t without data plan. good for someone looking for voice only. it has wifi and can connect to internet. guess it should work on any network in us.,TRUE
ORD365565,ID0448076957,3/18/2019,Nickolson,"[('Thunder line', 2), ('iStream', 1), ('Alcon 10', 1), ('Toshika 750', 1)]",17780,55.38,-37.7994811,144.9740965,10,16057.38,Autumn,FALSE,2.1649,one star will not work with carrier. want to re-order but can't find this model.,FALSE
ORD288343,ID2020813875,4/15/2019,Nickolson,"[('Olivia x460', 1), ('pearTV', 1)]",7535,79.53,-37.8129222,144.9598423,15,6484.28,Autumn,TRUE,1.0619,it worked exactly as expected and the speaker has great sound. it is perfect for my classroom!,TRUE
ORD347497,ID0576853318,6/25/2019,Bakers,"[('Universe Note', 1), ('Olivia x460', 1), ('iStream', 2), ('Candle Inferno', 1)]",5405,81.89,-37.8263373,144.9956165,0,5486.89,Winter,TRUE,1.8194,great service arrived as promised and was as expected.. fair price and prompt shipping..,TRUE
ORD329262,ID1492175313,3/17/2019,Thompson,"[('Thunder line', 2), ('Candle Inferno', 1)]",4790,68.21,-37.8026534,144.9634908,5,4618.71,Autumn,TRUE,1.8248,one star im in the process of returning it because it did not work properly.,FALSE
ORD116047,ID1668523280,5/21/2019,Nickolson,"[('Candle Inferno', 1), ('pearTV', 2), ('Olivia x460', 1)]",14275,78.3,-37.821195,144.9626465,25,10784.55,Autumn,TRUE,0.6726,excellent amazing cell phone,TRUE
ORD351220,ID0571468540,1/7/2019,Bakers,"[('pearTV', 2), ('Universe Note', 1)]",16070,67.22,-37.8146253,145.0132485,10,14530.22,Summer,FALSE,1.6661,"when this item is charged it works great, but it takes too long to charge. asking my 3 year old to wait about 3 hours (no exaggerating) is a bit much. we have tried to buy a new charger and it still takes just as long. my niece has this same tablet and it take about 45 minutes to charge once it is fully dead",FALSE
ORD460026,ID0130043040,7/11/2019,Thompson,"[('Olivia x460', 1), ('iAssist Line', 2), ('Candle Inferno', 2)]",6535,71.3,-37.8030248,144.9292043,25,4972.55,Winter,FALSE,1.9032,good good phone,TRUE
ORD139360,ID0257505807,1/14/2019,Thompson,"[('Universe Note', 1), ('Lucent 330S', 2), ('pearTV', 1)]",12220,89.52,-37.7990947,144.9632954,10,11087.52,Summer,TRUE,2.0788,one star they say it was new but it wasn't it was used 🙄,FALSE
ORD082344,ID0579482274,4/17/2019,Thompson,"[('iStream', 1), ('Toshika 750', 1), ('iAssist Line', 2)]",8920,64.68,-37.8170411,144.9507927,25,6754.68,Autumn,FALSE,0.5862,"i like very good, i like phone.",TRUE
ORD159527,ID4283908181,4/17/2019,Bakers,"[('Universe Note', 1), ('iStream', 2), ('pearTV', 2)]",16370,81.92,-37.8114192,144.9661141,15,13996.42,Autumn,TRUE,1.2881,"great phone great phone still, but i'm a nerd.",TRUE
ORD325445,ID1492416091,3/15/2019,Thompson,"[('Lucent 330S', 2), ('Candle Inferno', 2)]",3320,68.25,-37.8023566,144.9577629,10,3056.25,Autumn,FALSE,1.4844,good good product,TRUE
ORD108757,ID0269335260,3/19/2019,Nickolson,"[('pearTV', 1), ('iAssist Line', 2), ('iStream', 2), ('Lucent 330S', 2)]",13520,68.73,-37.8083056,144.9786866,5,12912.73,Autumn,FALSE,1.3991,been using since june of 2015 and its absolutely fantastic. for the money you spend its worth its ... been using since june of 2015 and its absolutely fantastic. for the money you spend its worth its value.,TRUE
ORD310966,ID2696097098,7/26/2019,Nickolson,"[('Candle Inferno', 1), ('Alcon 10', 2), ('pearTV', 2), ('Lucent 330S', 2)]",33410,67.49,-37.8246357,144.959284,15,28465.99,Winter,FALSE,1.1257,"it is a great phone it is a great phone but has to many fetures to go thur to get where you want to go,i may need training lol but it is a lil more than my alcon but i do like it.",TRUE
ORD490397,ID0302822341,3/15/2019,Bakers,"[('Candle Inferno', 2), ('Lucent 330S', 2)]",3320,65.88,-37.8154069,144.9911905,15,2887.88,Autumn,FALSE,0.6994,five stars the best deal ever love it so much!!#,TRUE
ORD126471,ID4326586203,11/27/2019,Nickolson,"[('iStream', 2), ('Candle Inferno', 2)]",1160,101.93,-37.8132344,144.9627186,5,1203.93,Spring,TRUE,0.8468,great product i love it! it looks just like brand new and everything works great. my international sim card worked perfectly! i'm really happy with it.,TRUE
ORD215195,ID1458422327,3/6/2019,Bakers,"[('iStream', 1), ('Universe Note', 1), ('Thunder line', 1)]",5780,81.95,-37.8168137,145.0088002,0,5861.95,Autumn,TRUE,1.4141,other than that it is really good. it is what it is. other than that it is really good.,TRUE
ORD389687,ID0241807183,12/27/2019,Bakers,"[('pearTV', 2), ('Universe Note', 2)]",19520,77.25,-37.812708,144.9831015,0,19597.25,Summer,FALSE,1.1087,great entry level tablet/reader holds a lot and it's expandable of 128 gb,TRUE
ORD060157,ID2501490564,1/31/2019,Bakers,"[('Alcon 10', 2), ('Lucent 330S', 2)]",20360,77.04,-37.8116706,144.9830306,0,20437.04,Summer,FALSE,1.0891,awesome deal great deal for a really decent phone. bought this for my kids and it is easy for them to use and has the features you would expect from a smartphone at a fraction of the cost. highly recommend!,TRUE
ORD319021,ID4716795441,1/21/2019,Thompson,"[('Candle Inferno', 1), ('Alcon 10', 1)]",9380,76.36,-37.8188621,144.9534438,5,8987.36,Summer,FALSE,0.8882,good phone overall good,TRUE
ORD052599,ID4520380532,1/16/2019,Thompson,"[('pearTV', 2), ('Universe Note', 2)]",19520,93.58,-37.8157078,144.9661141,25,14733.58,Summer,TRUE,1.0381,"ideal for landscapers this is perfect for anyone who is hard on phones. my husband has now owned two of these; it holds up very well to being dropped on a variety of surfaces, exposed to extreme heat and cold, and offers everything he needs without the unnecessary frills of a smart phone.",TRUE
ORD308971,ID1449496101,3/3/2019,Nickolson,"[('Toshika 750', 2), ('iAssist Line', 2), ('pearTV', 1), ('Universe Note', 2)]",26300,82.34,-37.8239706,144.984788,5,25067.34,Autumn,TRUE,1.4674,upgraded from s5 wish it still had the ir emitter to use as a universal remote,TRUE
ORD061806,ID1479905364,5/19/2019,Nickolson,"[('Lucent 330S', 2), ('pearTV', 1), ('iAssist Line', 2), ('Toshika 750', 2)]",21860,67.22,-37.8203966,144.9576584,5,20834.22,Autumn,TRUE,1.0648,"waste of time and money. don't buy at all🙅🏽‍♀️ i never did anything to it, i just opened it and tried to charge it, didn't work flickering on and off. called customer service and they weren't much help. asked for a replacement. they sent the broken phone back to me instead of a replacement phone.",FALSE
ORD498853,ID0655124674,8/17/2019,Thompson,"[('Olivia x460', 1), ('iStream', 1)]",1375,76.6,-37.8065238,144.9416147,0,1451.6,Winter,TRUE,0.8359,five stars very good!,TRUE
ORD224115,ID0846567434,11/26/2019,Nickolson,"[('Universe Note', 2), ('Thunder line', 2), ('Lucent 330S', 2), ('Alcon 10', 2)]",31620,84.53,-37.8220787,144.9695825,10,28542.53,Spring,TRUE,0.3878,"just poor not really compatible with any carrier , att some bands, t-mobil some , verizon none, no firmware support here in the us and security updates are really old. stay away!!",FALSE
ORD413785,ID3306876672,11/25/2019,Thompson,"[('Olivia x460', 2), ('pearTV', 2), ('Thunder line', 1)]",13218,75.91,-37.8097027,144.9555035,10,15600.91,Spring,FALSE,0.8121,good. packaged well. came promptly. works as advertised.,TRUE
ORD101928,ID1449285243,7/29/2019,Nickolson,"[('Alcon 10', 1), ('Universe Note', 1), ('pearTV', 2), ('Lucent 330S', 2)]",27480,63.81,-37.8161105,144.9826099,10,24795.81,Winter,TRUE,1.1812,nunca llegó el teléfono lo compré para una amiga y nunca llegó,FALSE
ORD012724,ID1449316667,4/19/2019,Bakers,"[('iStream', 1), ('iAssist Line', 1)]",2375,51.52,-37.8174147,144.9900874,10,2189.02,Autumn,FALSE,0.9416,one star the gingger prins not work,FALSE
ORD429692,ID0575539547,10/27/2019,Nickolson,"[('iAssist Line', 1), ('Alcon 10', 2), ('pearTV', 2)]",32745,79.86,-37.8236861,144.982575,15,27913.11,Summer,FALSE,1.2778,overall good phone fingerprint not so good,TRUE
ORD327985,ID2207661038,7/8/2019,Thompson,"[('Lucent 330S', 1), ('Olivia x460', 1), ('iStream', 2)]",2755,52.29,-37.8012995,144.9458316,0,2807.29,Winter,FALSE,1.2708,"frustrated phone did not have an microphone that worked....it dials, receives calls but you can't hear the person",FALSE
ORD335056,ID0592814549,12/25/2019,Nickolson,"[('iStream', 1), ('Thunder line', 1), ('Universe Note', 2)]",9230,87.02,-37.8165074,144.9685455,10,8394.02,Summer,TRUE,0.2486,nice mobile very good,TRUE
ORD492115,ID0767658130,7/23/2019,Nickolson,"[('Alcon 10', 1), ('Olivia x460', 1), ('Candle Inferno', 1)]",10605,66.46,-37.806771,144.9734146,0,10671.46,Winter,FALSE,1.3594,"glad i have it. the phone's sound quality is excellent. sound is very distinct, much better than most small phones that i have used. it is also a handsome, easy-to-hold phone that has great sound for a small phone. an excellent phone.",TRUE
ORD247754,ID3481124174,9/15/2019,Nickolson,"[('Thunder line', 2), ('Universe Note', 1), ('Toshika 750', 2), ('pearTV', 2)]",29070,64.16,-37.8118259,144.962038,10,26227.16,Spring,FALSE,1.0021,you get hack really easily! i've been using this phone for around a month now and i got hacked 3 times! 3 times!,FALSE
ORD090424,ID0207085851,5/20/2019,Bakers,"[('iStream', 2), ('Thunder line', 1), ('iAssist Line', 2), ('pearTV', 2)]",19550,67.24,-37.8104621,145.0130671,25,14729.74,Autumn,FALSE,1.5694,good value. be wary of seller. best value for the money out there but mine came with a chipped/cracked screen and covered in fingerprints. the phone also comes with some bloatware.,TRUE
ORD319019,ID0305909619,3/17/2019,Bakers,"[('iStream', 1), ('Universe Note', 2), ('iAssist Line', 2), ('Lucent 330S', 1)]",12730,82.71,-37.802017,145.006551,25,9630.21,Autumn,TRUE,1.3342,note 8 amazing product,TRUE
ORD463864,ID0107172365,12/14/2019,Nickolson,"[('Candle Inferno', 2), ('Toshika 750', 1), ('pearTV', 2)]",17800,91.79,-37.8217001,144.9629449,5,17001.79,Summer,TRUE,0.676,favorite phone i've ever had love this phone in every way,TRUE
ORD469373,ID3317846711,6/25/2019,Thompson,"[('Lucent 330S', 1), ('Toshika 750', 1)]",5550,67.47,-37.8023765,144.9631636,15,4784.97,Winter,TRUE,1.8214,"terrible decision i had this phone for 24 hrs. by the time i took it back, i absolutely hated it!!! without a how-to guide, this type of phone is absolutely useless!!! i'll stick with my jitterbug!!! (i'd give it 0 stars, or negative stars even,but you can't.)",FALSE
ORD129280,ID0660546021,7/12/2019,Bakers,"[('Toshika 750', 2), ('iStream', 2)]",8940,60.33,-37.8120034,144.9908827,25,6765.33,Winter,TRUE,0.443,"selling lost/stolen items i received this today, went to have it activated and it is showing as a lost/stolen phone.",FALSE
ORD047874,ID0580090351,1/4/2019,Bakers,"[('Thunder line', 1), ('iAssist Line', 1)]",4405,102.01,-37.8020824,144.9781159,0,4507.01,Summer,TRUE,1.7442,works great to watch youtube and amazin video,TRUE
ORD224296,ID0441586985,1/4/2019,Thompson,"[('iAssist Line', 2), ('Olivia x460', 2), ('Universe Note', 2), ('Toshika 750', 2)]",22440,74.73,-37.8134235,144.9381332,0,22514.73,Summer,FALSE,1.077335102,refurbished or used?? a good phone for the price! listed as factory refurbished when clearly it was a used phone with cosmetic damages. refund process was easy!!!,TRUE
ORD131069,ID0030948162,2/4/2019,Bakers,"[('Thunder line', 1), ('Universe Note', 1), ('iAssist Line', 1), ('iStream', 1)]",8005,97.55,-37.8113359,145.0084965,10,7302.05,Summer,TRUE,1.176,great battery life a very beautiful phone. battery life is one of the best i have ever had in a olivia phone,TRUE
ORD476697,ID5776644660,2/16/2019,Bakers,"[('iAssist Line', 2), ('Olivia x460', 2)]",6900,77.66,-37.8007475,145.0034602,10,6287.66,Summer,FALSE,1.2584,highly recommended excellent deal.,TRUE
ORD356517,ID2422395265,9/26/2019,Thompson,"[('iAssist Line', 2), ('Universe Note', 2), ('Lucent 330S', 2)]",13810,83.02,-37.8082834,144.9321279,5,13202.52,Spring,FALSE,1.4019,five stars got it and looks just like a new phone. nothing wrong with it.,TRUE
ORD364729,ID1479928144,4/19/2019,Thompson,"[('Alcon 10', 2), ('Olivia x460', 1), ('Lucent 330S', 2), ('iAssist Line', 2)]",26035,65.99,-37.8208494,144.955155,0,26100.99,Autumn,FALSE,1.155,"awesome phone! the phone works perfectly! i had my worries because it is used, but i do not regret this purchase at all. the phone has minor dents and scratches on the top and bottom (which is why i gave it 4 stars), but they are not noticeable with a case. feels brand new!",TRUE
ORD008298,ID2383215099,1/1/2019,Thompson,"[('Olivia x460', 1), ('Alcon 10', 1)]",10175,78.57,-37.81259697,144.9580148,25,7709.82,Summer,FALSE,1.1923,five stars great product and fast shipping!,TRUE
ORD098511,ID0746912568,12/10/2019,Nickolson,"[('Thunder line', 2), ('Lucent 330S', 1), ('iStream', 1), ('iAssist Line', 2)]",10190,63.44,-37.8244373,144.9830501,0,10253.44,Summer,FALSE,1.3535,"do not buy. do not buy this phone! i purchased this phone 90 days ago and suddenly stopped working. third party vendor now saying i must seek repair with manufacturer. total deception, consumer fraud.",FALSE
ORD247311,ID3146808067,5/10/2019,Bakers,"[('Toshika 750', 1), ('pearTV', 2), ('iAssist Line', 1), ('Thunder line', 1)]",21345,77.04,-37.8147034,144.9902214,0,21422.04,Autumn,TRUE,1.077335102,"telephone definitely was worth the money.i qould have given it 5stars, but i couldnt evet get connected to the internet.othetwise it worked very well.",TRUE
ORD417492,ID4544035096,12/16/2019,Nickolson,"[('Alcon 10', 2), ('Thunder line', 2), ('Toshika 750', 2), ('Candle Inferno', 1)]",31330,73.47,-37.81259697,144.9638606,15,26703.97,Summer,FALSE,0.9011,really great quality! getting another for myself!,TRUE
ORD103607,ID3072718451,8/18/2019,Nickolson,"[('Universe Note', 1), ('Toshika 750', 1), ('Candle Inferno', 2)]",8630,68.22,-37.8248994,144.9567484,10,7835.22,Winter,FALSE,1.3266,awesome phone! glad i switched from android! it is so refreshing when using this phone.. interface is awesome. it is slick and very responsive!! trust me and make a switch if you are a android user!,TRUE
ORD294413,ID6167344539,7/26/2019,Nickolson,"[('Thunder line', 1), ('Universe Note', 1)]",5630,50.35,-37.8100986,144.9694982,10,5117.35,Winter,FALSE,0.9458,pink and green display lines appeared after 3 months. ... pink and green display lines appeared after 3 months. too expensive to repair as it costs as much as 330 dollars. i just ended up buying a new phone,FALSE
ORD416324,ID2187972535,9/1/2019,Nickolson,"[('Olivia x460', 2), ('Universe Note', 1)]",5900,60.73,-37.8095586,144.9638384,15,5075.73,Spring,FALSE,1.1244,"feel ripped off and deceived returning this phone, got a verizon version, i have metro pcs why would i verizon bloat on my phone, not to mention it is geared to cdma. it does will not work as well as a unlocked gsm phone already tried that with a verizon olivia note. also should have been told what i would have been receiving, feel very decieved.",FALSE
ORD006285,ID0846546260,6/15/2019,Nickolson,"[('Toshika 750', 2), ('Universe Note', 2)]",15540,71.13,-37.8199519,144.9685132,25,11726.13,Winter,TRUE,0.1765,olivia universe s4 (white) the best phone i have ever had. way better than the alcon. easy to understand and has everything i need and more!,TRUE
ORD278742,ID0711369897,11/29/2019,Thompson,"[('Toshika 750', 2), ('Alcon 10', 2)]",26540,89.18,-37.8064734,144.9592133,25,19994.18,Spring,TRUE,1.2716,too high a price... the phone was grossly over priced. i found the same phone for $39.95. the phone itself was okay but not for$69.00.,FALSE
ORD286341,ID1883302855,6/7/2019,Thompson,"[('Lucent 330S', 2), ('Alcon 10', 1), ('pearTV', 1)]",17720,66.32,-37.8031422,144.9423665,25,13356.32,Winter,FALSE,1.1387,"value for money the phone is pretty hood for general use. it is fast in terms of everyday ise. photo quality is ok, it is not bad. touch and feel is good. robust build. at the price point for everyday use the phone is amazing",TRUE
ORD361482,ID6197209883,8/17/2019,Thompson,"[('pearTV', 2), ('iStream', 1)]",12770,69.28,-37.8149767,144.9275019,25,9646.78,Winter,FALSE,1.7397,"the phone was is very good shape and i would have love it, if it had worked the alcon would not work with my local carrier.",TRUE
ORD356598,ID2177124600,3/28/2019,Thompson,"[('Olivia x460', 1), ('Alcon 10', 2)]",19125,80.25,-37.816024,144.9567376,10,17292.75,Autumn,TRUE,0.9285,everythinh excellent product¡ i received my phone like new¡ mlg group is 100% recomended for me¡,TRUE
ORD042235,ID5424203828,1/12/2019,Nickolson,"[('Toshika 750', 1), ('iAssist Line', 1), ('Candle Inferno', 1), ('pearTV', 2)]",19595,93.83,-37.822573,144.9793059,25,14790.08,Summer,TRUE,0.9653,"it should have a phisical fingerprint sensor in the back there's a lot of work to do with the fingerprint sensor but everything else is good, the screen is better that i thought i love it, thanks",TRUE
ORD323368,ID0746912820,10/16/2019,Nickolson,"[('Lucent 330S', 1), ('pearTV', 2), ('Olivia x460', 1)]",15075,107.82,-37.8258228,144.9848095,25,11939.84102,Spring,TRUE,1.5645,five stars great phone and amazing saller jpmobiles your the best thank you so much,TRUE
ORD296102,ID0114607245,3/14/2019,Nickolson,"[('Thunder line', 2), ('iStream', 1), ('Alcon 10', 1), ('iAssist Line', 2)]",17910,63.16,-37.81259697,144.9650712,5,17077.66,Autumn,FALSE,0.4306,"great phone but still not super fast this is one of the best phones on the market. however, it is still much slower than my laptop in regards to browsing the web or opening programs. there's always a 2 second delay for everything.",TRUE
ORD439428,ID0575572022,6/9/2019,Nickolson,"[('Candle Inferno', 1), ('Alcon 10', 1), ('Olivia x460', 1), ('Universe Note', 1)]",14055,80.3,-37.8238541,144.9793442,5,13432.55,Winter,TRUE,1.0413,loved phone! my husband loved his new phone! he liked the operation and simplicity of this phone better than his old one. i would reccommend to anyone who doesn't want or need a lot of bells and whistles.,TRUE
ORD084410,ID2187975167,6/26/2019,Nickolson,"[('Alcon 10', 2), ('iAssist Line', 2), ('pearTV', 1), ('Toshika 750', 2)]",37300,62.47,-37.8154918,144.9665306,0,37362.47,Winter,FALSE,0.4357,"na it was late , but works just fine",TRUE
ORD498344,ID3161949462,8/24/2019,Thompson,"[('Alcon 10', 1), ('iStream', 2), ('Candle Inferno', 2)]",10110,65.54,-37.8084946,144.9574687,5,9670.04,Winter,FALSE,1.0261,five stars perfect excellent,TRUE
ORD306304,ID0145246087,3/26/2019,Nickolson,"[('Thunder line', 1), ('Toshika 750', 2)]",10820,77.52,-37.8161766,144.960877,10,9815.52,Autumn,TRUE,0.8089,five stars great product. exactly what they said it would be.,TRUE
ORD451115,ID0248746937,1/20/2019,Bakers,"[('iAssist Line', 1), ('pearTV', 1)]",8535,87.56,-37.825097,144.9928374,0,8622.56,Summer,TRUE,1.6941,not functional i believe my phone is defective. everyone that i talk to hears an thunder of themselves after approximately 5 minutes. shortly thereafter all calls disconnect. i would like a replacement.,FALSE
ORD434639,ID1449297341,6/3/2019,Nickolson,"[('Thunder line', 1), ('iStream', 2), ('Universe Note', 2)]",9380,51.44,-37.8157682,144.9801777,25,7086.44,Winter,FALSE,0.986,doesn't work arrived with completely dead battery. doesn't hold a charge. charger doesn't work.,FALSE
ORD481503,ID0443274304,12/27/2019,Bakers,"[('Lucent 330S', 1), ('Alcon 10', 1)]",10180,81.29,-37.8220421,145.0032393,10,11939.84102,Summer,FALSE,1.5146,worth it came sooner than expected and amazing quality packaging safe and secure satisfaction guaranteed. good quality phone for the price,TRUE
ORD163777,ID4716795994,10/14/2019,Thompson,"[('Candle Inferno', 2), ('Olivia x460', 1), ('Alcon 10', 1), ('iStream', 1)]",11185,102.93,-37.8188826,144.9534026,5,10728.68,Spring,TRUE,0.8877,great for the money work fantastic. i haven't had any issues with it since i received it. yes it's refurbished but. i've had a few little scratches on the back but besides that the phone works fantastic and one little scratch on the screen but haven't had any issues.,TRUE
ORD232552,ID0591258186,5/27/2019,Thompson,"[('pearTV', 1), ('Olivia x460', 2), ('Thunder line', 2)]",13120,50.92,-37.8242423,144.9538317,0,13170.92,Autumn,FALSE,1.4185,thought it would be more powerful and have a lot more functionality. not much better than the thunder line. not worth the money.,FALSE
ORD404560,ID6167236647,8/10/2019,Thompson,"[('iAssist Line', 2), ('pearTV', 1), ('Alcon 10', 1)]",19710,68.05,-37.813157,144.9588659,5,18792.55,Winter,FALSE,1.0389,i have problem with the phone but good customer service i have problem with the phone but good customer service,TRUE
ORD227618,ID0571730335,12/31/2019,Nickolson,"[('Thunder line', 2), ('iStream', 1), ('Candle Inferno', 2)]",5370,77.86,-37.8249668,144.9577837,15,4642.36,Summer,FALSE,1.2545,universe note 9 the best in cell phones i think.. great shipping.,TRUE
ORD019500,ID0030220445,7/8/2019,Bakers,"[('Candle Inferno', 1), ('Universe Note', 1), ('Lucent 330S', 2)]",6340,60.03,-37.8096216,144.9914506,5,6083.03,Winter,TRUE,0.3352,received messed up phone not happy...phone not even a month old and having issues with screen...i have no other phone to switch to or the money to buy one so cant send this one back.,FALSE
ORD334551,ID4787373723,5/21/2019,Nickolson,"[('Alcon 10', 2), ('iAssist Line', 2), ('Olivia x460', 2)]",24800,78.73,-37.8152518,144.9663639,15,21158.73,Autumn,TRUE,0.4659,lo recomiendo super bien brega,TRUE
ORD252935,ID0847531131,9/29/2019,Nickolson,"[('Universe Note', 1), ('iStream', 2), ('iAssist Line', 1)]",5975,83.37,-37.8222097,144.9678411,15,5162.12,Spring,TRUE,0.4296,boy satisfied i dislike that on the phone info said was unlock and i can use this phone with any phone carrier but when i trided to conected with verizon they tell me this phone is not suported. wasent unlock 👎,FALSE
ORD083283,ID2190483587,11/29/2019,Nickolson,"[('iAssist Line', 2), ('Olivia x460', 1)]",5675,79.63,-37.8102312,144.9614027,25,4335.88,Spring,FALSE,1.1749,reliable. fast. best phone ever excellent. love it,TRUE
ORD474381,ID2776391626,12/11/2019,Thompson,"[('Olivia x460', 2), ('Thunder line', 2), ('Candle Inferno', 2)]",7670,75.06,-37.8109711,144.9631023,25,5827.56,Summer,FALSE,1.0207,"what's not to like? this phone does everything i need for $300. i just can't see spending 800 to a $1,000 for a phone. if you need all the bells and whistles then i guess spend the money. but if you want a good smartphone this really serves the purpose.",TRUE
ORD037273,ID3191033045,8/9/2019,Nickolson,"[('Thunder line', 1), ('iStream', 2), ('Candle Inferno', 1), ('Lucent 330S', 2)]",5370,61.22,-37.8117446,144.9671826,15,4625.72,Winter,TRUE,0.7905,charger is not compatible in us. charger is not compatible in us. i have to use my old charger for this phone.,FALSE
ORD161701,ID0452380689,12/12/2019,Thompson,"[('pearTV', 2), ('iStream', 1)]",12770,100.23,-37.8255038,144.9516026,25,9677.73,Summer,TRUE,1.4829,i am available to stay in contact with my child. thanks replace and upgrade a cellphone. the price was a tremendous savings compared to oem vendors.,TRUE
ORD104644,ID6167441045,10/10/2019,Nickolson,"[('Alcon 10', 1), ('pearTV', 2), ('Lucent 330S', 1), ('Toshika 750', 2)]",31440,87.92,-37.8112445,144.9618019,15,26811.92,Spring,TRUE,1.0648,terrible i received my phone in decent condition but notice after 10 mins using it would over heat then the screen all sudden there be like a glitch just terrible so i returned it,FALSE
ORD119688,ID4061053480,12/8/2019,Bakers,"[('Alcon 10', 2), ('iAssist Line', 1), ('Olivia x460', 1)]",21350,71.38,-37.8100447,144.995853,10,19286.38,Summer,TRUE,0.0549,two stars bad quality screen,FALSE
ORD452316,ID0268533994,3/7/2019,Nickolson,"[('Olivia x460', 2), ('Universe Note', 2), ('pearTV', 2)]",21970,64.95,-37.81259697,144.9780233,10,19837.95,Autumn,FALSE,1.1201,five stars good phone. i have had no issues with it.,TRUE
ORD442457,ID0723956949,4/8/2019,Bakers,"[('Lucent 330S', 1), ('Candle Inferno', 2)]",2090,67.09,-37.8023697,145.0045989,10,1948.09,Autumn,TRUE,1.183,"bad quality and locked was locked to verizon, we have at&t. also the screen had some pretty bad burn in. immediately filed for a return 10 minutes after opening it.",FALSE
ORD369055,ID0846591691,9/23/2019,Nickolson,"[('Candle Inferno', 2), ('Universe Note', 2), ('pearTV', 1), ('Alcon 10', 2)]",31970,71.11,-37.8220125,144.9694765,5,30442.61,Spring,FALSE,0.3805,"works like a flagship phone stunning phone at twice the price. fast, high screen, long battery life, no complaints here.",TRUE
ORD422630,ID0641026085,1/28/2019,Thompson,"[('Lucent 330S', 1), ('Universe Note', 1), ('Candle Inferno', 2), ('pearTV', 2)]",18160,96.93,-37.8091174,144.9368711,5,17348.93,Summer,TRUE,0.9803,"it’s a good phone and you can’t beat the price it was for a gift , and it was a big hit",TRUE
ORD019931,ID4804863479,4/9/2019,Thompson,"[('Candle Inferno', 1), ('Alcon 10', 2), ('Lucent 330S', 1), ('Toshika 750', 2)]",28200,84.54,-37.7990483,144.9324169,5,26874.54,Autumn,TRUE,1.9902,got this for my wife and she loves it the ... got this for my wife and she loves it the only thang it didn come with a usa wall charger so having to use the computer plug to charge it so the cord is really short having to charge it,TRUE
ORD404726,ID0579499378,1/31/2019,Thompson,"[('Candle Inferno', 2), ('Alcon 10', 2), ('Thunder line', 1), ('iAssist Line', 1)]",23165,68.08,-37.814471,144.9496471,10,20916.58,Summer,FALSE,0.3024,good buy for the price bought it reconditioned; did not come with instructions and had to purchase it separately. it has been very dependable with a few quirks but otherwise serves the purpose~~ the reduced price made it much better~~~,TRUE
ORD238592,ID0844489469,8/11/2019,Thompson,"[('pearTV', 1), ('Thunder line', 2)]",10670,78.36,-37.8207274,144.9485635,15,9147.86,Winter,TRUE,0.9062,great phone for the price 👍 don't know why some people are talking about. my runs lte with tmobile.,TRUE
ORD015960,ID0247024616,5/19/2019,Nickolson,"[('Thunder line', 1), ('iStream', 1), ('Lucent 330S', 2), ('Universe Note', 2)]",11690,63.78,-37.8154546,144.9661141,5,11169.28,Autumn,FALSE,0.3585,nice cell phone... great value! so far so good... just activated on boost and will update review once i've broken it in a little.,TRUE
ORD333678,ID0560989608,2/12/2019,Thompson,"[('iAssist Line', 2), ('iStream', 1), ('Olivia x460', 1), ('Lucent 330S', 1)]",7055,74.21,-37.8207051,144.9485447,0,7129.21,Summer,FALSE,0.9035,great upgrade from my s7 time to upgrade and this is da bomb. very happy with it. no idea on face recognition. don't use that.,TRUE
ORD007855,ID0598171691,10/11/2019,Nickolson,"[('Olivia x460', 1), ('iAssist Line', 1)]",3450,95.84,-37.8185588,144.9681662,15,3028.34,Spring,TRUE,0.1218,"love it. big hd screen (5.7""), great cameras (front and back), fast cpu, pen thing (i use it quiet often)... a very solid device indeed. recommend!",TRUE
ORD337693,ID6167440952,11/28/2019,Nickolson,"[('Olivia x460', 2), ('Alcon 10', 1), ('Thunder line', 1)]",13580,99.41,-37.8161821,144.963919,15,11642.41,Spring,TRUE,0.5634,"it is a great bundle of fun. music ,games, questions etc. i luv it turns off my smart lights. i purchase 4 more smart light for my lamps in the living room and my room!",TRUE
ORD274875,ID0387153022,2/16/2019,Thompson,"[('Candle Inferno', 2), ('Thunder line', 1), ('Olivia x460', 1)]",4265,75.94,-37.8063248,144.9423391,15,3701.19,Summer,TRUE,0.82,"received without battery i got this last month and got the package without the battery. digico refunded 40% of the amount i paid, but it is still a bother to find a genuine olivia battery for this phone. also want to mention that this was delivered in a plastic packet and not a retail box. not sure if this is how they package it nowadays...",FALSE
ORD372144,ID0814520160,12/11/2019,Bakers,"[('iAssist Line', 2), ('Olivia x460', 1), ('Alcon 10', 1), ('Toshika 750', 1)]",18945,96.53,-37.8126038,144.9571717,15,16199.78,Summer,TRUE,0.8885,"it’s good, but it’s not compatible with my carrier :( this phone is great and although it says that it is gsm unlocked, my carrier said the phone is somehow not compatible with it. (my company is sprint). i don’t understand, gsm unlocked should mean that that it’s able to connect to my provider no?",TRUE
ORD269788,ID3215106497,12/12/2019,Thompson,"[('Universe Note', 1), ('Thunder line', 1)]",5630,71.78,-37.8077142,144.9524056,25,4294.28,Summer,FALSE,0.7246,must buy five star awesome new everything works perfectly,TRUE
ORD495321,ID0227315916,5/2/2019,Bakers,"[('Lucent 330S', 1), ('Alcon 10', 2), ('Universe Note', 2), ('iStream', 2)]",26330,62.84,-37.8038804,144.9882585,15,22443.34,Autumn,FALSE,0.9163,"it just works! it just works. it is fast and flawless. the screen is just the right size, not to big, not too small. call quality is great. no complaints about this phone.",TRUE
ORD431902,ID0247417837,2/25/2019,Nickolson,"[('Lucent 330S', 2), ('pearTV', 2)]",15080,85.99,-37.8181557,144.9689676,15,12903.99,Summer,TRUE,0.0709,"awesome phone! i like the beautiful, bright display, very good to watch youtube or istream. the phone is pretty fast and the storage is huge. i purchased the duos version to have two sim cards. i am still learning how to use it, but i can assure you that this phone is fantastic so far.",TRUE
ORD362815,ID0746912869,2/5/2019,Nickolson,"[('Toshika 750', 2), ('Universe Note', 1)]",12090,65.81,-37.825648,144.9846995,10,10946.81,Summer,FALSE,1.5462,"i bought this phone only two months ago, and ... i bought this phone only two months ago, and in the last two months. it has shut itself off repeatedly. now the screen decided to give out and went completely blank.",FALSE
ORD093888,ID0362880089,12/9/2019,Thompson,"[('pearTV', 2), ('Universe Note', 1), ('Olivia x460', 1)]",17295,80.06,-37.7992511,144.9471151,10,15645.56,Summer,FALSE,1.4941,"of all the cellphones i've had, this is the best. i use this as a phone mostly and not much else.",TRUE
ORD279880,ID4428364714,4/6/2019,Nickolson,"[('Alcon 10', 1), ('Candle Inferno', 1), ('pearTV', 2)]",22000,55.93,-37.7997769,144.9655272,10,19855.93,Autumn,FALSE,2.1245,"it looks like i got a refurbished one i ordered a new phone, it looks like i got a refurbished one, the charge stays only for one hour (battery is drying soon) , and it will take 6 hours to battery full, i am not happy with this product, it stuck frequently. not so happy with this phone.",FALSE
ORD413604,ID2191736651,8/22/2019,Nickolson,"[('Alcon 10', 1), ('iStream', 2)]",9250,68.4,-37.8228688,144.9557457,5,8855.9,Winter,FALSE,1.3038,"great phone, received as described great phone! i received it with 1-day delivery after my old phone broke. there are no dings or scratches on it. received as described (unlocked phone, usb-c cable and wall plug, sd tray card opener pin). everything is working so far! :d",TRUE
ORD142330,ID1449355155,12/25/2019,Nickolson,"[('Candle Inferno', 2), ('Toshika 750', 1), ('Universe Note', 1)]",8630,69.74,-37.8155397,144.973457,0,8699.74,Summer,FALSE,0.4834,good quality as i expected this version (pro) isn't compatible with gcam but if u don't mind that is the best option quality/price in the market rn,TRUE
ORD395965,ID4391665571,9/29/2019,Nickolson,"[('iStream', 1), ('Lucent 330S', 1)]",1380,75.34,-37.8126669,144.9640858,15,1248.34,Spring,FALSE,0.8164,"very good basic cell phone at a very low price this olivia phone has all the basic features. voice, text, address file, etc. and it's very small compared to some of the smart phone monsters that will barely fit in a man's pocket. just a darn good basic cell phone with a long battery life.",TRUE
ORD462013,ID6197211592,4/8/2019,Thompson,"[('Toshika 750', 1), ('pearTV', 1), ('Olivia x460', 1), ('iAssist Line', 2)]",16305,79.88,-37.8151052,144.9328434,0,16384.88,Autumn,TRUE,1.28,no complaints here. excellent phone. excellent price.,TRUE
ORD052805,ID4234925766,5/19/2019,Nickolson,"[('Universe Note', 2), ('Candle Inferno', 2), ('Thunder line', 1)]",9940,68.65,-37.8045747,144.9674681,15,8517.65,Autumn,TRUE,1.5714,accessories not working properly. i have used this phone just for 15 days and adaper burned completely.,FALSE
ORD355999,ID0702373553,2/13/2019,Thompson,"[('pearTV', 1), ('Universe Note', 2), ('Thunder line', 1)]",15390,93.13,-37.8064,144.9414891,5,11939.84102,Summer,TRUE,0.8535,"great, very worthy of purchase. this was a great buy. it definitely is ""like new"". i actually get the impression that the phone was never even used but simply an item someone returned because they bought the wrong model. the phone is working excellently and is aesthetically pleasing.",TRUE
ORD476588,ID2481930668,12/7/2019,Bakers,"[('Lucent 330S', 2), ('Universe Note', 1)]",5910,90.73,-37.8098465,145.0028962,15,5114.23,Summer,TRUE,0.6742,"amazing cellphone great device! incredibly good for this price. great camera, very good battery life and excellent overall performance. there is a few very annoying ads in some apps, but easy to remove.",TRUE
ORD390091,ID2074060881,10/23/2019,Bakers,"[('iAssist Line', 2), ('Toshika 750', 2), ('Olivia x460', 1)]",14315,103.82,-37.8193406,145.0022538,25,10840.07,Spring,TRUE,1.2097,i bought this inferno for my 7 year old and she loves it.,TRUE
ORD222346,ID0368376953,10/22/2019,Thompson,"[('Olivia x460', 2), ('Universe Note', 1), ('Lucent 330S', 2)]",8360,81.02,-37.8029455,144.9816988,0,8441.02,Spring,FALSE,1.4257,i liked thank you but don't have headphones 🤔 hi i bought universe note 8 but in box don't have headphones! i liked thank you but don't have headphones 🤔,TRUE
ORD466918,ID0049489089,8/27/2019,Nickolson,"[('Thunder line', 2), ('Alcon 10', 1), ('iStream', 2)]",13610,63.43,-37.8208848,144.9661141,10,12312.43,Winter,FALSE,0.7075,"i couldn't be more pleased. i've only had this a few days so my opinion could change but so far i couldn't be more pleased. battery life is great! camera is great! the phone was in good condition when i received it. no complaints, so far.",TRUE
ORD135330,ID4326586205,5/14/2019,Nickolson,"[('iStream', 2), ('Toshika 750', 2), ('iAssist Line', 2)]",13390,65.37,-37.8141649,144.9631526,0,13455.37,Autumn,FALSE,0.7482,value for the price great quality but lackluster battery even with battery saver on at least for my power user habit's will recommend to have a power bank just in case,TRUE
ORD363904,ID0660545559,8/13/2019,Bakers,"[('Universe Note', 1), ('Toshika 750', 2), ('pearTV', 1)]",18400,74.92,-37.8124114,144.9903432,25,13874.92,Winter,TRUE,0.5071,perfect its amazing this phone,TRUE
ORD136407,ID0581710140,4/15/2019,Thompson,"[('Thunder line', 2), ('iStream', 2), ('Alcon 10', 2), ('Olivia x460', 1)]",23785,54.04,-37.8051063,144.9282488,5,22649.79,Autumn,FALSE,1.8572,two stars does not support t-mobile plans,FALSE
ORD029359,ID0305909619,4/28/2019,Bakers,"[('Alcon 10', 1), ('Thunder line', 2)]",13310,70.42,-37.802017,145.006551,5,12714.92,Autumn,FALSE,1.3342,works great good price work great,TRUE
ORD077311,ID0591400647,11/30/2019,Nickolson,"[('Universe Note', 1), ('Lucent 330S', 1)]",13218,99.99,-37.8197642,144.9616287,15,4077.99,Spring,TRUE,0.7087,"verizon? i just purchased this phone and i'm hoping i love it as much as others do. i just have one worry. i can't tell by the reviews so im just asking to clarify. i have verizon, is this phone gonna work?",TRUE
ORD116200,ID0589708357,5/6/2019,Thompson,"[('iAssist Line', 2), ('iStream', 1)]",4600,67.41,-37.8209432,144.9551861,5,4437.41,Autumn,FALSE,1.1649,"amazing absolutely love this phone! it sleek, easy to use, and good color. i was originally considering getting a olivia universe of some sort but i would 100% recommend getting this over it. it has great picture quality as well!",TRUE
ORD246570,ID2686224593,11/21/2019,Bakers,"[('pearTV', 1), ('Olivia x460', 1), ('Candle Inferno', 1), ('Universe Note', 1)]",11415,73.11,-37.8113501,145.0009867,5,11939.84102,Spring,FALSE,0.5281,good i just bought this phone a few weeks ago and it is gorgeous. the screen just blew me away and the os is very fast and user friendly. this is the first time i try a windows phone and i have to say that it's been a wonderful experience.,TRUE
ORD417345,ID1881118492,7/9/2019,Thompson,"[('Lucent 330S', 2), ('Universe Note', 1), ('Toshika 750', 1), ('Alcon 10', 2)]",28130,73.37,-37.800105,144.9625121,5,26796.87,Winter,FALSE,1.9499,excellent product 100% functional,TRUE
ORD461453,ID0577456441,8/21/2019,Bakers,"[('Alcon 10', 2), ('Toshika 750', 1)]",22220,55.56,-37.8232709,144.9885267,15,18942.56,Winter,FALSE,1.591,"does not work for all networks just received today,however i have to return.. does not work with t-mobile straight talk .. :(",FALSE
ORD429505,ID1463547112,5/24/2019,Bakers,"[('Lucent 330S', 2), ('iAssist Line', 2), ('Universe Note', 2)]",13810,80.97,-37.8184561,145.005315,5,13200.47,Autumn,TRUE,1.2935,very pleased!! that picture was taken from my bathroom window with a screen in front. still clear detail colors are vibrant! they said tuesday the 12th of nov my phone got here on the 8th of nov! totally excited!!! it working great at the moment camera is awesome,TRUE
ORD465260,ID0248747000,3/11/2019,Bakers,"[('pearTV', 1), ('Candle Inferno', 2), ('iAssist Line', 1)]",9395,66.56,-37.8206832,144.993264,25,7112.81,Autumn,FALSE,1.077335102,"nice phone nice product, looks like new. battery life is not 100%, i would say around 60... but overall, i satisfied with the purchase",TRUE
ORD140444,ID0214124364,7/26/2019,Bakers,"[('Alcon 10', 1), ('Olivia x460', 2), ('iStream', 2), ('Lucent 330S', 2)]",14160,70.61,-37.8094529,145.016066,10,12814.61,Winter,FALSE,1.8333,best phone for it's value amazing phone works great,TRUE
ORD298098,ID0471441541,3/23/2019,Nickolson,"[('Lucent 330S', 2), ('Candle Inferno', 2)]",3320,52.39,-37.8040734,144.9677909,10,3040.39,Autumn,FALSE,1.6239,"phone not unlocked the phone was not unlocked when it came... i was so disappointed because they said it was. i got it for my dad, and now he has to spend money to unlock it.",FALSE
ORD292353,ID0408099017,10/19/2019,Nickolson,"[('iAssist Line', 1), ('Universe Note', 2), ('Lucent 330S', 1), ('iStream', 2)]",10655,60.69,-37.8169838,144.977853,15,9117.44,Spring,FALSE,0.7518,i would advise anyone not to buy any electronic stuff ... i would advise anyone not to buy any electronic stuff from digico i bought a toshika xperia xa1 from digico and one week after the touch on the phone spoil now i can't get my money back because i don't live in america,FALSE
ORD076408,ID6167344601,8/6/2019,Nickolson,"[('Universe Note', 2), ('Lucent 330S', 2), ('Thunder line', 2)]",13720,78.15,-37.8101791,144.9698524,25,10368.15,Winter,TRUE,0.9372,"awesome phone love this phone! have had 0 problems with it and absolutely love it. the finger print, iris scanner and facial recognition is better than i'd ever had.",TRUE
ORD463902,ID0164086163,12/24/2019,Thompson,"[('Lucent 330S', 1), ('Universe Note', 1), ('Olivia x460', 1)]",5905,73.12,-37.8155076,144.9548674,10,5387.62,Summer,FALSE,0.7549,great! works just fine. idk what everyone else is complaining about!,TRUE
ORD264469,ID0634784215,6/30/2019,Thompson,"[('iAssist Line', 1), ('Olivia x460', 1), ('Lucent 330S', 1)]",4680,64.36,-37.8164305,144.9382911,0,4744.36,Winter,FALSE,0.878,working well so far. have had just over a month. so far i do like everything about the phone.,TRUE
ORD160120,ID1497170573,5/25/2019,Bakers,"[('Toshika 750', 2), ('iAssist Line', 2)]",13090,53.95,-37.8236149,144.9902265,25,9871.45,Autumn,FALSE,1.077335102,"hot trash! this phone is horrible do not buy! save your money!!! i so wish i could get my money back, even my 8 year old doesn't want this hunk of crap.",FALSE
ORD304592,ID1479905341,12/28/2019,Nickolson,"[('Olivia x460', 2), ('iStream', 1), ('iAssist Line', 2)]",7050,77.5,-37.8204349,144.957499,15,6070,Summer,FALSE,1.0794,"good deal...great phone! no complaints, it arrived in a very timely manner. the phone was in very good condition. overall very satisfied with this product and the company. will order from them in the future.",TRUE
ORD413575,ID0591354261,6/30/2019,Nickolson,"[('Thunder line', 1), ('pearTV', 1), ('iStream', 1)]",8640,69.73,-37.8228089,144.9554073,25,6549.73,Winter,FALSE,1.3292,good battery life good battery life,TRUE
ORD428743,ID2948774567,12/23/2019,Nickolson,"[('iAssist Line', 2), ('pearTV', 2), ('Toshika 750', 2), ('Alcon 10', 1)]",13218,76.77,-37.8083448,144.9715553,0,34736.77,Summer,FALSE,1.1546,good phone good phone,TRUE
ORD364775,ID1985549822,9/16/2019,Nickolson,"[('pearTV', 2), ('iStream', 2), ('Thunder line', 2), ('Candle Inferno', 2)]",18140,80.53,-37.806913,144.9657827,15,15499.53,Spring,FALSE,1.342,five stars bought it for my daughter - she loves it.,TRUE
ORD411806,ID0723965013,1/5/2019,Bakers,"[('Olivia x460', 2), ('Lucent 330S', 2)]",4910,74.89,-37.8040822,145.0052811,15,4248.39,Summer,FALSE,1.102,five stars very nice smartphone!!! the photos are wonderful! fotos muito boas e aparelho fenomenal!,TRUE
ORD295185,ID0579512268,6/11/2019,Thompson,"[('iStream', 2), ('iAssist Line', 1), ('Toshika 750', 1)]",6845,73.92,-37.8140574,144.9481379,5,6576.67,Winter,TRUE,0.1805,"great! got this phone last week and really like it, although they unboxed it now i'm waiting for wp version 7.8",TRUE
ORD038537,ID1833875775,1/20/2019,Thompson,"[('iAssist Line', 1), ('Toshika 750', 1), ('Olivia x460', 1)]",7770,97.4,-37.8052677,144.9370948,10,7090.4,Summer,TRUE,1.2038,"amazing! i love it! the camera slider is incredible. the full screen is amazing, nice to play and watch. the battery is very nice too.",TRUE
ORD057402,ID0663120884,5/13/2019,Thompson,"[('Lucent 330S', 1), ('pearTV', 2), ('Toshika 750', 2), ('Olivia x460', 1)]",23715,70.57,-37.8001129,144.9553604,5,22599.82,Autumn,FALSE,1.5769,i am pleased with the purchase i am pleased with the purchase. good job.,TRUE
ORD475852,ID5002595022,10/26/2019,Thompson,"[('pearTV', 1), ('Alcon 10', 2)]",24210,82.01,-37.8126496,144.9527667,10,21871.01,Spring,TRUE,0.5011,one star this phone has gotten from bad to worse. bourght in february 2016,FALSE
ORD096854,ID0579401863,5/28/2019,Nickolson,"[('Lucent 330S', 2), ('Toshika 750', 1), ('Alcon 10', 1)]",15730,76.68,-37.8189476,144.972777,25,11874.18,Autumn,TRUE,0.2864,convenient and fun.,TRUE
ORD174660,ID6207067487,3/10/2019,Nickolson,"[('Toshika 750', 1), ('pearTV', 1), ('Universe Note', 1)]",14080,69.4,-37.8027124,144.9651559,10,12741.4,Autumn,FALSE,1.077335102,"came in mint condition maybe one scratch on it, but it’s refurbished so what do you expect, 110% worth the money. would highly recommend you buy i only wish it came in original packaging. came at 95% battery health.",TRUE
ORD210114,ID0247298483,11/18/2019,Thompson,"[('Olivia x460', 1), ('Lucent 330S', 2)]",3685,110.99,-37.7991259,144.9602851,15,3243.24,Spring,TRUE,1.904,four stars it was a gift but i get good reports!,TRUE
ORD458364,ID6167359485,4/22/2019,Nickolson,"[('Alcon 10', 2), ('iAssist Line', 2)]",22350,65.48,-37.812877,144.9740492,0,22415.48,Autumn,TRUE,0.7494,"do not purchase this phone!!! i don't care what the reviews say, do not purchase this phone!!! they are defective and xp knows yet still have not pulled them from the market. the charging port gives out like after a few months (or even sooner) of using it, rendering the phone useless.",FALSE
ORD471971,ID2776664749,8/23/2019,Nickolson,"[('iAssist Line', 1), ('iStream', 2), ('Toshika 750', 2)]",11165,68.61,-37.8240561,144.9557082,0,11233.61,Winter,FALSE,1.3606,good trash lcd but cost-effective product,TRUE
ORD466630,ID0283334267,8/13/2019,Thompson,"[('Candle Inferno', 2), ('Universe Note', 1), ('Alcon 10', 2)]",22210,79.23,-37.8026398,144.956068,25,16736.73,Winter,TRUE,1.3689,"awesome overall, battery life is insane. great phone",TRUE
ORD056563,ID0581713855,11/14/2019,Thompson,"[('Lucent 330S', 1), ('iAssist Line', 1)]",3455,85.39,-37.8050314,144.9279056,0,3540.39,Spring,FALSE,1.8879,five stars excellent product with amazing quality. worked right out of the package.,TRUE
ORD198212,ID0332127537,6/10/2019,Bakers,"[('iAssist Line', 1), ('Candle Inferno', 2), ('pearTV', 2)]",15705,61.91,-37.8022213,144.9899001,25,11840.66,Winter,TRUE,0.9843,"one star it wasn't what i bought , it ended up being swifters.",FALSE
ORD184579,ID6167417928,11/14/2019,Thompson,"[('Candle Inferno', 2), ('iAssist Line', 1)]",3085,103.69,-37.8155614,144.9581634,10,2880.19,Spring,TRUE,1.0273,xp is the best it's an ok phone,TRUE
ORD302019,ID6207152062,12/22/2019,Nickolson,"[('Candle Inferno', 1), ('Thunder line', 1)]",2610,99.88,-37.8078487,144.9743784,25,2057.38,Summer,TRUE,1.2693,"good phone good windows phone. pictures come out great. only con i have come across so far, it continuously hooks onto data in the background. if you have limited data access, you might want to be careful. having wi-fi around is great. overall, good buy for the money.",TRUE
ORD436953,ID3222703104,1/21/2019,Thompson,"[('Toshika 750', 1), ('Universe Note', 2)]",11220,78.92,-37.8008765,144.9541201,25,8493.92,Summer,FALSE,1.4522,i really love this product because it lets me read books and surf the net,TRUE
ORD291618,ID6167489415,1/1/2019,Thompson,"[('iAssist Line', 2), ('pearTV', 1)]",10760,94.9,-37.8107373,144.9560504,0,10854.9,Summer,TRUE,0.8187,not the most powerful tablet but is flawless when utilizing the digico programs,TRUE
ORD229269,ID0582156569,12/31/2019,Nickolson,"[('Alcon 10', 1), ('pearTV', 1), ('iAssist Line', 1), ('Toshika 750', 1)]",21805,97.96,-37.7882653,144.9292018,25,16451.71,Summer,FALSE,3.1388,great product. great product came as described. phone works great. looks brand new. came on time as promised.,TRUE
ORD439862,ID0302567006,6/3/2019,Bakers,"[('Lucent 330S', 2), ('Alcon 10', 2), ('Candle Inferno', 2), ('iStream', 1)]",21370,81.58,-37.7991553,144.9806399,25,16109.08,Winter,TRUE,1.7617,"good this was product a great and it was offered at a very reasonable price, for a phone of that stature.",TRUE
ORD137749,ID0767723734,8/5/2019,Nickolson,"[('iStream', 2), ('Olivia x460', 2), ('Alcon 10', 2), ('Lucent 330S', 1)]",21880,82.24,-37.804981,144.9723384,10,19774.24,Winter,TRUE,1.5352,screen is a little smaller than what was in the description value for my money. camera is great,TRUE
ORD433678,ID0176736472,9/4/2019,Bakers,"[('Olivia x460', 1), ('iAssist Line', 1), ('pearTV', 2)]",16070,97.81,-37.8141197,144.9681146,0,16167.81,Spring,TRUE,0.5139,amazing!,TRUE
ORD291661,ID2133726646,11/26/2019,Thompson,"[('Universe Note', 1), ('Thunder line', 1)]",5630,73.16,-37.8119424,144.9456933,15,4858.66,Spring,FALSE,0.1458,"good tablet and a great price. i use it for reading, istream and email.",TRUE
ORD177656,ID0030385747,7/10/2019,Bakers,"[('Olivia x460', 2), ('iAssist Line', 2), ('Toshika 750', 1), ('pearTV', 2)]",23840,51.55,-37.8202619,144.9895993,10,21507.55,Winter,FALSE,1.2455,defective motherboard and camera hardware the quality of phones are very poor. the camera and the motherboard malfunctioned 9 months after purchase with expensive repairs and replacements. did not expect this from a company like olivia. will never buy any olivia phone in future and would also recommend everyone to do the same.,FALSE
ORD168158,ID3640164979,1/21/2019,Nickolson,"[('Toshika 750', 1), ('Lucent 330S', 1), ('Thunder line', 1)]",7730,86.89,-37.8038188,144.9643945,5,7430.39,Summer,TRUE,1.7062,don’t forget to buy the additional warranty. you’ll need it. do not buy this phone without the additional warranty. you will need it.,FALSE
ORD268672,ID0287629361,6/21/2019,Thompson,"[('Lucent 330S', 1), ('Olivia x460', 2), ('Candle Inferno', 2), ('iAssist Line', 1)]",6765,66.58,-37.8039972,144.9500263,5,6493.33,Winter,FALSE,1.0002,gran compra funciona perfecto,TRUE
ORD260337,ID2190566775,2/19/2019,Nickolson,"[('Thunder line', 2), ('Candle Inferno', 2)]",5220,91.75,-37.817132,144.96452,0,5311.75,Summer,TRUE,0.4714,perfect so far best phone i've owned,TRUE
ORD166132,ID0664372298,7/14/2019,Nickolson,"[('iAssist Line', 2), ('Universe Note', 1), ('iStream', 2), ('Olivia x460', 2)]",10650,60.48,-37.8208689,144.9671895,25,8047.98,Winter,TRUE,0.3274,scam terrible,FALSE
ORD151900,ID0576873448,2/10/2019,Bakers,"[('Alcon 10', 2), ('iAssist Line', 1), ('Universe Note', 2), ('Olivia x460', 1)]",28250,100.04,-37.824252,144.9900371,25,21287.54,Summer,TRUE,1.6514,"my favorite smart phone my favorite smart phone. a little slow, and the microphones are crap, but works great for use in austere and rough environments. never came cles to cracking the screen, and i have dropped it in water several times without any real issues.",TRUE
ORD348417,ID2189161536,4/12/2019,Nickolson,"[('pearTV', 2), ('Candle Inferno', 2)]",13480,79.79,-37.8176132,144.9591096,0,13559.79,Autumn,TRUE,0.9247,five stars great product at a great price.,TRUE
ORD267476,ID4716795474,9/10/2019,Thompson,"[('Lucent 330S', 1), ('Candle Inferno', 1)]",1660,76.92,-37.8187574,144.953426,5,1653.92,Spring,FALSE,0.8782,great value great used phone,TRUE
ORD123621,ID0710001172,6/18/2019,Thompson,"[('pearTV', 1), ('Olivia x460', 2)]",8760,78.59,-37.8140479,144.9359943,0,8838.59,Winter,TRUE,0.9859,beautiful phones! was pleasantly surprised at how nice of quality these phones were when they got to me. they look brand new!,FALSE
ORD118853,ID4260094037,8/12/2019,Nickolson,"[('Universe Note', 1), ('Lucent 330S', 2), ('Alcon 10', 2)]",23810,77.59,-37.822615,144.9581003,0,23887.59,Winter,TRUE,1.1019,"s7 edge good device, even used!",TRUE
ORD345157,ID1224821946,12/21/2019,Thompson,"[('pearTV', 1), ('Lucent 330S', 1), ('Olivia x460', 1), ('Toshika 750', 2)]",17405,91.17,-37.8130127,144.9389462,5,16625.92,Summer,TRUE,0.7153,my daughter loves the phone. this is a nice phone. it works very well. it is well worth the money. i would tell any one who thinking about buying this phone buy it.,TRUE
ORD038111,ID3085953524,8/31/2019,Bakers,"[('iAssist Line', 2), ('pearTV', 2), ('Candle Inferno', 1), ('Olivia x460', 1)]",18725,69.82,-37.8236459,144.9878827,25,14113.57,Winter,FALSE,1.6512,it's a good phone it's really a good budget phone and it works with t-mobile,TRUE
ORD298322,ID4120677317,8/8/2019,Nickolson,"[('Thunder line', 1), ('Lucent 330S', 1), ('Olivia x460', 2), ('pearTV', 2)]",18480,78.01,-37.809982,144.9645405,25,13938.01,Winter,TRUE,1.0552,love it love it does the job and the battery last a long time between charges. still learning all its ability keeps me busy.,TRUE
ORD032506,ID0628177290,6/28/2019,Thompson,"[('iStream', 2), ('Alcon 10', 2), ('Candle Inferno', 1)]",18630,61.78,-37.8113593,144.9474612,5,17760.28,Autumn,FALSE,0.1503,"photo quality is amazing. the phone is fast and good looking photo quality is amazing. the phone is fast and good looking. my last phone is alcon 6s, takes me some time to get used to the android system. so far so good, cons. the uber app seems to have compatibility issues.",TRUE
ORD173895,ID0332794366,5/11/2019,Bakers,"[('Olivia x460', 1), ('Alcon 10', 1), ('iStream', 2)]",10475,79.9,-37.8086792,145.0067071,5,10031.15,Autumn,TRUE,1.0198,"great! got mine from chubbie seller, can't believe how great the phone looks and works! i was a bit nervous getting refurb but such a good option!",TRUE
ORD148076,ID0547586455,3/31/2019,Bakers,"[('iStream', 2), ('Alcon 10', 2)]",18200,66.4,-37.8133986,144.9841776,25,13716.4,Autumn,TRUE,1.0433,"not as expected doesn't catch network well, call quality is very low, touch screen is not sensitive.",FALSE
ORD349328,ID0441587008,1/2/2019,Thompson,"[('Universe Note', 1), ('Lucent 330S', 1), ('Toshika 750', 1), ('pearTV', 2)]",21620,93.6,-37.8136923,144.9387978,5,20632.6,Summer,TRUE,0.7362,best choice for the money and quality this phone has the best camera ever. i live close to rocky mountain national park and use this phone instead of my expensive nikon camera to take pictures of the wildlife and beautiful scenery.,TRUE
ORD226165,ID6167489442,7/27/2019,Nickolson,"[('Toshika 750', 1), ('Candle Inferno', 1)]",4750,77.8,-37.8130823,144.959658,0,4827.8,Winter,TRUE,1.0646,best buy! kickass phone!! works as well as the new alconx my company provides for work. i actually like this one better..android!,TRUE
ORD438009,ID0031477169,9/5/2019,Bakers,"[('Universe Note', 1), ('Alcon 10', 2), ('Lucent 330S', 1)]",22580,93.48,-37.7989598,144.9842738,25,17028.48,Spring,TRUE,1.5615,phone doesn't work got this phone. not clean reported lost or stolen. have no phone😖,FALSE
ORD383612,ID4655129061,6/30/2019,Thompson,"[('Thunder line', 1), ('Olivia x460', 1), ('Toshika 750', 2)]",12045,62.6,-37.8094365,144.9473781,5,11505.35,Winter,FALSE,0.3613,"great phone. great performance, highly recommend.",TRUE
ORD290987,ID0844460328,5/14/2019,Thompson,"[('iStream', 1), ('Lucent 330S', 2)]",2610,78.63,-37.8196958,144.9468973,5,2558.13,Autumn,TRUE,0.7819,amazing video quality easy to maneuver wonderful screen size easy set up,TRUE
ORD011757,ID1030460066,8/9/2019,Nickolson,"[('Olivia x460', 1), ('iStream', 2), ('Toshika 750', 1), ('iAssist Line', 1)]",8070,78.19,-37.8139838,144.9604896,0,8148.19,Winter,TRUE,0.9479,"five stars i love the olivia ,my old one im using is at least 5 years old",TRUE
ORD432726,ID4326586183,12/3/2019,Thompson,"[('Lucent 330S', 2), ('Alcon 10', 2)]",20360,77.22,-37.8082091,144.9604111,25,15347.22,Summer,FALSE,1.2743,xiaomi proooo testing a very good phone,TRUE
ORD354259,ID5002595128,6/27/2019,Thompson,"[('Thunder line', 2), ('Toshika 750', 2)]",13000,75.04,-37.8119843,144.9533495,0,13075.04,Winter,TRUE,0.5576,five stars it's pretty,TRUE
ORD496151,ID0580000127,12/23/2019,Thompson,"[('iAssist Line', 1), ('Universe Note', 1), ('iStream', 2), ('Alcon 10', 1)]",14925,82.74,-37.8051492,144.9294548,0,15007.74,Summer,FALSE,1.761,"i originally but the s4 in 2013 and love it. so happy to have found a replacement ... i just received this yesterday, i originally but the s4 in 2013 and love it. so happy to have found a replacement for mine that originally died. it's a great smartphone, easy to use and does everything i need.",TRUE
ORD406162,ID3208518281,6/26/2019,Nickolson,"[('iStream', 1), ('Toshika 750', 2), ('Alcon 10', 1), ('Thunder line', 2)]",22100,81.18,-37.8035651,144.9672031,0,22181.18,Winter,TRUE,1.6858,love love love this phone!,TRUE
ORD366304,ID0664378915,10/8/2019,Nickolson,"[('Alcon 10', 2), ('iAssist Line', 2)]",22350,75.3,-37.8200677,144.9660228,15,19072.8,Spring,FALSE,0.3509,"great phone easy to setup on t-mobile, works well, great battery life. very small footprint, works really well. i love this phone.",TRUE
ORD285564,ID0576824418,11/19/2019,Nickolson,"[('Toshika 750', 2), ('iAssist Line', 2)]",13090,78.7,-37.81259697,144.9809341,0,13168.7,Spring,FALSE,1.0095,"easy to use, work's perfect with the usa network carrier iam using,as well iam using my indian sim and it works well till date,just a issue of battery its draining bit quicker than my previous mobile, so that's the reason i am giving 4 star",TRUE
ORD014531,ID0579502235,8/11/2019,Thompson,"[('Thunder line', 2), ('Candle Inferno', 1), ('iStream', 2), ('iAssist Line', 2)]",9540,61.82,-37.8148461,144.9506248,0,9601.82,Winter,FALSE,0.3953,i'm in love... i love this phone!,TRUE
ORD048679,ID0575524447,7/27/2019,Nickolson,"[('iStream', 1), ('Toshika 750', 2)]",8790,67.67,-37.8213116,144.9832925,5,8418.17,Winter,FALSE,1.077335102,good,TRUE
ORD311238,ID3146813281,10/30/2019,Nickolson,"[('iStream', 2), ('Lucent 330S', 1), ('Toshika 750', 1)]",5850,104.05,-37.8108601,144.9760968,25,4491.55,Spring,TRUE,1.0357,good phone everything we wanted.,TRUE
ORD314183,ID0581750598,7/5/2019,Thompson,"[('Olivia x460', 1), ('Candle Inferno', 2), ('iStream', 1)]",2235,70.28,-37.8042012,144.9279658,10,2081.78,Winter,FALSE,1.9267,five stars great phone!,TRUE
ORD075098,ID3222652699,11/30/2019,Thompson,"[('pearTV', 2), ('Thunder line', 2)]",16980,85.16,-37.8023534,144.9305568,10,15367.16,Spring,FALSE,1.8517,"no difference between this and a brand-new version totally love it. in fact, it's hard to disagree that it ain't brand new. it was indeed a good bargain.",TRUE
ORD123633,ID0575388261,10/11/2019,Nickolson,"[('Lucent 330S', 2), ('iStream', 1)]",2610,80.97,-37.8198783,144.9849796,15,2299.47,Spring,FALSE,1.3642,awesome awesome phone,TRUE
ORD122143,ID0777788328,4/7/2019,Thompson,"[('Universe Note', 2), ('Olivia x460', 1), ('iStream', 2), ('Thunder line', 2)]",12785,66.46,-37.806898,144.9541113,15,10933.71,Autumn,FALSE,0.8927,toshika xperia xa1 ultra like product really nice and body is clean. response is good overall great phone so far.,TRUE
ORD046097,ID1449295035,9/13/2019,Nickolson,"[('Lucent 330S', 2), ('iAssist Line', 2), ('Thunder line', 1)]",9090,77.09,-37.8157826,144.9791621,25,6894.59,Spring,FALSE,0.9013,"this was an add on for my thunder system, the refurbished product works like new!",TRUE
ORD396365,ID0267314863,12/23/2019,Nickolson,"[('iAssist Line', 1), ('Alcon 10', 1)]",11175,66.8,-37.8282162,144.9839717,0,11241.8,Summer,FALSE,1.6598,"can i another phone and not alfa the phone don't not work properly ,if i'm on the phone with someone, and someone else call they on the line too,it really inappropriate",FALSE
ORD182419,ID0595857779,12/30/2019,Nickolson,"[('Universe Note', 2), ('Thunder line', 2), ('iAssist Line', 2)]",15710,74.14,-37.8088627,144.971177,15,13427.64,Summer,FALSE,1.0928,cannot use playstore download app received my phone last week. everything is good. but the only problem is i cannot use playstore to download any apps. the downloading is pending forever. any solution?,TRUE
ORD027479,ID0493051199,6/19/2019,Bakers,"[('Candle Inferno', 2), ('Alcon 10', 1), ('iStream', 1)]",9960,63.76,-37.8076947,144.9897434,5,9525.76,Autumn,FALSE,0.5465,perfect starter phone fantastic phone for y 11 yr old. just enough bells and whistles for him to love and nearly indestructible.,TRUE
ORD489236,ID0774545657,3/22/2019,Thompson,"[('Toshika 750', 2), ('Candle Inferno', 2), ('iStream', 1), ('pearTV', 1)]",15960,66.96,-37.8059833,144.9580873,0,16026.96,Autumn,FALSE,1.2221,no instructions all i have to say is thank god i am replacing a 900 because this came with no instruction manual! i just received today so i can't write more of a review at this time,TRUE
ORD229694,ID1479897586,3/5/2019,Nickolson,"[('Lucent 330S', 2), ('Alcon 10', 1), ('pearTV', 2)]",24030,80.26,-37.8201466,144.9582521,0,24110.26,Autumn,TRUE,1.0085,"works on gsm usa i have this phone it works on metropcs, tmobile att and works just fine, it's a really good phone for the price.",TRUE
ORD179600,ID4315295098,9/14/2019,Bakers,"[('Candle Inferno', 2), ('pearTV', 1)]",7170,102.36,-37.8172529,144.9907953,25,5479.86,Spring,TRUE,0.8971,bixby is bloatware! good phone. the only minus is bixby bloatware.,TRUE
ORD336609,ID0283334330,10/1/2019,Thompson,"[('Lucent 330S', 2), ('Toshika 750', 1), ('iStream', 1), ('Alcon 10', 1)]",15880,105.94,-37.8002551,144.9509615,5,15191.94,Spring,TRUE,1.4241,"i received the thunder as a gift. i needed another bluetooth or something to play music easily accessible, and found this smart speaker. can’t wait to see what else it can do.",TRUE
ORD015032,ID1132014900,8/21/2019,Thompson,"[('Thunder line', 2), ('pearTV', 2), ('Universe Note', 2)]",23880,74.54,-37.8151717,144.9450809,25,17984.54,Winter,TRUE,0.3285,four stars great performance,TRUE
ORD232631,ID0845692578,7/18/2019,Nickolson,"[('Universe Note', 2), ('iAssist Line', 1), ('Candle Inferno', 2)]",9985,61.9,-37.8199451,144.9686021,10,9048.4,Winter,FALSE,0.1719,"best finger print reader ever, olivia pay +!! the fingerprint reader is the best, other universe 10's have ultrasonic readers that are finicky at best and slow and unresponsive at times. the main purpose of buying this was for the finger print reader and olivia pay that i love.",TRUE
ORD075939,ID1131986160,4/9/2019,Thompson,"[('Olivia x460', 1), ('Alcon 10', 1), ('iStream', 1), ('Thunder line', 1)]",12505,76.08,-37.8152208,144.9450228,10,11330.58,Autumn,TRUE,0.3359,great form factor does work as advertised,TRUE
ORD403951,ID0370750441,12/6/2019,Bakers,"[('Alcon 10', 1), ('iAssist Line', 2), ('Lucent 330S', 1)]",13218,77.56,-37.8147213,144.9903858,10,13244.56,Summer,TRUE,0.677,"a nearly non-functional piece of junk. memory management is terrible on this phone. it constantly seizes up due to notifications, etc. locks up for randon amounts of time when you go to start an application. battery life is awful just letting the phone idle. a real pos with the exception that the hardware/chassis seems well constructed.",FALSE
ORD413362,ID0294622368,8/27/2019,Nickolson,"[('pearTV', 2), ('Alcon 10', 1), ('iAssist Line', 2)]",26020,72.53,-37.8186583,144.9670254,15,22189.53,Winter,TRUE,0.2222,good product use phone for personal use.,TRUE
ORD109486,ID0443310353,5/7/2019,Bakers,"[('Lucent 330S', 2), ('iAssist Line', 1)]",4685,67.05,-37.801873,144.9801786,0,11939.84102,Autumn,FALSE,1.6033,five stars great phone for a replacement and is in great shape.,TRUE
ORD085042,ID1458422301,4/20/2019,Bakers,"[('Thunder line', 1), ('Alcon 10', 1)]",11130,80.75,-37.8177713,145.0071218,5,10654.25,Autumn,TRUE,1.3574,"love it best all around cheap but good all the way, best value",TRUE
ORD392649,ID0579988733,5/11/2019,Thompson,"[('Alcon 10', 1), ('Candle Inferno', 1), ('Toshika 750', 2), ('iStream', 2)]",18320,51.34,-37.8078691,144.9419796,25,13791.34,Autumn,FALSE,1.077335102,one star i got light blub instead of a phone am very upset,FALSE
ORD339751,ID3204395234,4/30/2019,Thompson,"[('iStream', 1), ('Lucent 330S', 2)]",2610,79.31,-37.807145,144.9487854,5,2558.81,Autumn,TRUE,0.6336,we purchased this for my wife's mother. she likes to play games on it and do some reading.,TRUE
ORD093144,ID0746912561,1/21/2019,Nickolson,"[('Lucent 330S', 1), ('Olivia x460', 2)]",3680,96.74,-37.8246873,144.9828852,15,3224.74,Summer,TRUE,1.3545,good a bit heavy than other phones. indigo color looks awesome,TRUE
ORD456438,ID0708722778,12/3/2019,Thompson,"[('iAssist Line', 1), ('Alcon 10', 1)]",11175,80.56,-37.8071927,144.9569986,25,8461.81,Summer,TRUE,1.0653,"call disconnects! call drop outs, bought htc",FALSE
ORD247750,ID0560986727,11/24/2019,Thompson,"[('Thunder line', 1), ('Universe Note', 1), ('Candle Inferno', 1)]",6060,64.03,-37.8198072,144.9436479,5,5821.03,Spring,FALSE,0.8492,one star this product is not compatible with verizon.,FALSE
ORD491738,ID0387153036,12/29/2019,Thompson,"[('Toshika 750', 2), ('Thunder line', 2)]",13000,54.39,-37.8100015,144.9447414,5,12404.39,Summer,FALSE,0.361,"charger is only 5 inches long the charger sent to me is not the factory charger, the usb and the port that plugs into the wall are completely different. it's 5 inches long and of course it's one of those new ones so i don't have another charger that i can use. i literally cannot use this phone while it's plugged in.",FALSE
ORD365453,ID0207085372,3/21/2019,Bakers,"[('Toshika 750', 1), ('pearTV', 1), ('Universe Note', 2), ('Candle Inferno', 2)]",18390,68.57,-37.8138614,145.0146704,5,17539.07,Autumn,FALSE,1.7628,very good i like how is work,TRUE
ORD044072,ID0145246025,9/5/2019,Nickolson,"[('iStream', 2), ('iAssist Line', 2)]",4750,78.59,-37.8162951,144.960581,10,4353.59,Spring,FALSE,0.8293,"mostly as advertized great phone for the price. not used for streaming or games just internet, messaging and phone. only issue was had to enter apn data for mobile data and phone categories didn't exactly match those of our provider. took a bit of digging but now all is well. not lte just hspa+",TRUE
ORD257810,ID4313862234,2/10/2019,Bakers,"[('iAssist Line', 2), ('pearTV', 2), ('Universe Note', 2), ('Lucent 330S', 2)]",26430,94.96,-37.8181254,144.9909146,5,25203.46,Summer,TRUE,0.9814,five stars works great no problems,TRUE
ORD011003,ID4716795464,1/26/2019,Thompson,"[('Lucent 330S', 2), ('iStream', 1), ('iAssist Line', 1)]",4835,93.06,-37.8187572,144.9532392,15,4202.81,Summer,TRUE,0.8678,five stars nice phone!! thanks!!,TRUE
ORD171906,ID1479897545,7/9/2019,Nickolson,"[('Universe Note', 2), ('Toshika 750', 2)]",15540,77.3,-37.8201307,144.9583071,10,14063.3,Winter,TRUE,1.0034,"good condition it looked good, is working good it’s worth what i paid, haven’t had no problems my daughter is happy.",TRUE
ORD247180,ID2670903131,7/5/2019,Thompson,"[('Thunder line', 2), ('Lucent 330S', 2)]",6820,81.43,-37.8034526,144.9628817,0,6901.43,Winter,TRUE,1.7285,great phone great phone i love my droid razr it fits me perfect,TRUE
ORD484109,ID5301568561,11/21/2019,Thompson,"[('Universe Note', 1), ('Olivia x460', 2), ('Candle Inferno', 2)]",6760,100.12,-37.8088949,144.9421274,0,6860.12,Spring,TRUE,0.6048,"listens well, does way more than expected, love her!",TRUE
ORD315758,ID0579988732,11/7/2019,Thompson,"[('Lucent 330S', 1), ('Thunder line', 2)]",5590,78.07,-37.807636,144.9417408,25,4270.57,Spring,FALSE,0.7307,"still a strong, reliable phone we buy only used phones, and this one has further confirmed our decision. works just as well as the the overpriced new ones, no complaints. quick shipment.",TRUE
ORD330978,ID0641022145,1/26/2019,Thompson,"[('iAssist Line', 1), ('Universe Note', 1), ('iStream', 2), ('Olivia x460', 2)]",8425,93.49,-37.8068272,144.9378833,25,6412.24,Summer,TRUE,1.0373,good value and it receives fm good value and it receives fm,TRUE
ORD003106,ID5002595148,8/18/2019,Thompson,"[('Candle Inferno', 1), ('Olivia x460', 1), ('iAssist Line', 1), ('Toshika 750', 2)]",12520,61.78,-37.8115747,144.9529382,15,10703.78,Winter,FALSE,0.5305,used it for watching television shows. the picture was clear and the audio was decent for the location of the speakers.,TRUE
ORD125582,ID4315827380,4/5/2019,Bakers,"[('Thunder line', 1), ('Candle Inferno', 2), ('Lucent 330S', 1)]",4270,52.19,-37.8226509,144.9661141,0,4322.19,Autumn,FALSE,1.4366,"this phone would never update fully. constantly in updating ... this phone would never update fully. constantly in updating mode even after it said it was completed, it started again.",FALSE
ORD393299,ID2173278062,9/23/2019,Thompson,"[('Alcon 10', 1), ('Thunder line', 2), ('Toshika 750', 2), ('Universe Note', 2)]",28850,73.77,-37.8178474,144.9514154,5,27481.27,Spring,FALSE,0.6913,"my first smart phone i love it, just trying to learn how to use all the features! its a learning curve but so far it's been great.",TRUE
ORD317048,ID0635492069,2/14/2019,Thompson,"[('Thunder line', 2), ('pearTV', 1), ('Olivia x460', 2), ('Toshika 750', 1)]",17440,91.36,-37.8143701,144.9390152,10,15787.36,Summer,TRUE,0.733,reliable transaction the translation was quick. the phone looks like brand new and is in a great condition!,TRUE
ORD021190,ID0030948020,8/9/2019,Bakers,"[('Universe Note', 1), ('Toshika 750', 1), ('iAssist Line', 2)]",12220,63.81,-37.810795,145.0029751,10,11061.81,Winter,FALSE,0.6868,"great phone with only slightly less battery time phone is sleek and works well. i have a brand new one as well and the only problem with this one is that the battery drains a little more quickly than the brand new one. otherwise,it was in great shape and functionally works well.",TRUE
ORD393587,ID0282825865,8/28/2019,Thompson,"[('Candle Inferno', 2), ('Alcon 10', 1), ('Olivia x460', 2), ('iStream', 1)]",12410,78.03,-37.8047938,144.9508954,0,12488.03,Winter,TRUE,0.9395,"nice phone this is my second universe s 4 ,and the price i paid was a cent .i was using a olivia s 4 which i lost and i tried lucentx after that for few days and realized its not gonna work out ..returned to the store and bought the s 4 from here ..its really a great phone",TRUE
ORD239690,ID5301568584,11/15/2019,Thompson,"[('Candle Inferno', 1), ('iStream', 2)]",730,101.04,-37.8087422,144.9422614,0,831.04,Spring,TRUE,0.6085,works like a new one.  can tell the difference from the new one i bough and the refurbished one.,TRUE
ORD069828,ID0387153064,1/16/2019,Thompson,"[('Olivia x460', 2), ('Universe Note', 2), ('Alcon 10', 1), ('Candle Inferno', 2)]",19160,100.71,-37.8003501,144.9501888,25,14470.71,Summer,TRUE,1.3989,great item! this is a great phone easy to use and works well.,TRUE
ORD305340,ID3810637333,6/5/2019,Thompson,"[('Alcon 10', 1), ('Lucent 330S', 1)]",10180,67.34,-37.8206841,144.9661141,10,9229.34,Winter,FALSE,1.023,"omg i'm in love with this phone omg i'm in love with this phone, the front cam with led flash is amazing!! i have no problems with it at all, everything has been great.",TRUE
ORD208771,ID2096325809,4/22/2019,Thompson,"[('iStream', 2), ('Thunder line', 1)]",2480,68.42,-37.7999827,144.9547057,5,2424.42,Autumn,FALSE,1.5642,excellent for the price looked brand new! somewhat user friendly! excellent for the price!,TRUE
ORD009197,ID0711333661,10/28/2019,Thompson,"[('Alcon 10', 2), ('pearTV', 2), ('Olivia x460', 2)]",32970,78.16,-37.8067011,144.9560165,15,28102.66,Spring,FALSE,1.0301,"just what i needed. i bought this phone for work, just use it on wi-fi. it is so fast, easy to use and it makes me happy!",TRUE
ORD493261,ID1479897585,11/18/2019,Nickolson,"[('Thunder line', 2), ('Lucent 330S', 1), ('Alcon 10', 1), ('Candle Inferno', 1)]",14970,102.94,-37.8202395,144.9576732,0,15072.94,Spring,TRUE,1.0604,would recommend. fast shipping. would recommend.,TRUE
ORD468273,ID0457365601,2/2/2019,Nickolson,"[('Thunder line', 2), ('Universe Note', 1), ('Alcon 10', 1)]",16760,53.38,-37.8207167,144.9707771,0,16813.38,Summer,FALSE,0.2596,returned returned.,FALSE
ORD268320,ID1217532720,3/18/2019,Thompson,"[('Candle Inferno', 2), ('iStream', 1)]",1010,65.83,-37.8181279,144.9485845,10,974.83,Autumn,FALSE,0.6217,amazing value! excellent phone! amazing value.,TRUE
ORD166029,ID0373635383,4/9/2019,Thompson,"[('iStream', 2), ('Alcon 10', 2), ('Olivia x460', 2), ('Lucent 330S', 2)]",23110,67.12,-37.8225748,144.9661141,5,22021.62,Autumn,FALSE,1.2819,good so far so good,TRUE
ORD080904,ID6167417933,8/16/2019,Nickolson,"[('iAssist Line', 1), ('Olivia x460', 2)]",4675,50.44,-37.8151573,144.959592,5,4491.69,Winter,FALSE,0.9557,"this is the worst phone i've ever had it constantly freezes this is the worst phone i've ever had it constantly freezes, the battery is always dead, and it doesn't like to turn on when it's turned off",FALSE
ORD021169,ID1124133088,8/28/2019,Bakers,"[('Toshika 750', 2), ('iStream', 1), ('pearTV', 1), ('Universe Note', 1)]",18550,69.71,-37.8119496,145.0119796,5,17692.21,Winter,FALSE,1.4888,five stars love it so far!!!!,TRUE
ORD373461,ID0774518101,9/29/2019,Thompson,"[('pearTV', 2), ('iAssist Line', 1)]",14845,89.43,-37.8064308,144.9595923,0,14934.43,Spring,TRUE,1.3023,phone failed after 2 months first of all the phone was not the android 8 operating system.....it was the android 7.1.1 nougat. now the phone went into some system update and refuses to reboot.,FALSE
ORD207410,ID4110789025,7/20/2019,Bakers,"[('iStream', 2), ('Alcon 10', 1), ('pearTV', 1)]",15560,73.69,-37.8101648,144.9964801,15,13299.69,Winter,TRUE,0.1114,yes its the truth yes its the truth bro,TRUE
ORD290381,ID6167357859,1/31/2019,Nickolson,"[('iAssist Line', 2), ('Olivia x460', 1), ('Alcon 10', 2)]",23575,72.26,-37.8113706,144.9728774,10,21289.76,Summer,FALSE,0.8557,better sound.,TRUE
ORD441546,ID0579380269,5/17/2019,Thompson,"[('Candle Inferno', 2), ('Alcon 10', 1), ('iStream', 1)]",9960,54.69,-37.8204191,144.926592,5,9516.69,Autumn,FALSE,1.9965,"it’s not even good phone,i used speaker only ,it’s not good phone .i don’t like it it’s not probably sund works,i can’t hear another in coming call .i don’t like it .",FALSE
ORD256946,ID0598401526,9/13/2019,Nickolson,"[('Universe Note', 1), ('Olivia x460', 2), ('Toshika 750', 2)]",14540,74.78,-37.8145453,144.9639714,5,13887.78,Spring,FALSE,0.6663,four stars very good,TRUE
ORD204207,ID0060653715,10/30/2019,Thompson,"[('Alcon 10', 2), ('Lucent 330S', 2), ('Candle Inferno', 2), ('pearTV', 1)]",27530,84.67,-37.8190658,144.9466291,25,20732.17,Spring,TRUE,0.7127,two stars this phone already broke .,FALSE
ORD137128,ID1224804764,2/19/2019,Thompson,"[('iAssist Line', 2), ('Toshika 750', 2), ('Thunder line', 1), ('Candle Inferno', 2)]",16130,57.79,-37.8133238,144.9384266,5,15381.29,Summer,FALSE,1.077335102,"not good it was a used phone , scratch , apps store doesn’t work and so many.",FALSE
ORD142708,ID6167231018,6/10/2019,Thompson,"[('Candle Inferno', 2), ('Lucent 330S', 2), ('Toshika 750', 1), ('iAssist Line', 2)]",12090,49.93,-37.8152716,144.9523118,25,9117.43,Winter,FALSE,0.5443,screen issues screen didnt work properly,FALSE
ORD189112,ID0628173794,9/1/2019,Thompson,"[('Lucent 330S', 1), ('pearTV', 1), ('iAssist Line', 1)]",9765,70.67,-37.8127823,144.9479386,25,7394.42,Spring,FALSE,0.0774,great phone easy activation just got my us version unlocked phone .was so easy to activate ( i have cricket as my provider) and transfering all my data and contacts was a breeze. highly recommend this version. love the phone!,TRUE
ORD269583,ID1463620508,4/3/2019,Bakers,"[('Universe Note', 2), ('Alcon 10', 1), ('iStream', 2)]",16150,65.02,-37.8180527,144.9946725,0,16215.02,Autumn,FALSE,0.8982,"like it very nice,works great!!",TRUE
ORD411748,ID0287630727,4/1/2019,Thompson,"[('Toshika 750', 1), ('Universe Note', 1), ('Candle Inferno', 2)]",8630,64.68,-37.8051798,144.9451234,10,7831.68,Autumn,TRUE,0.8515,"no good the phone has many faults. didn't have it for a month yet & the imperfections arose. the phone would go off randomly, messages are not being delivered, picture messages don't send accurately & so much more.",FALSE
ORD347908,ID1449431625,4/30/2019,Nickolson,"[('Toshika 750', 2), ('iAssist Line', 1), ('Candle Inferno', 1)]",11295,49.12,-37.813381,144.9738693,10,10214.62,Autumn,FALSE,0.6936,it's good looking but with a lot of problems it's dose not support all the apps specially instagram didn't work for me plus after a 2 weeks and got very slow and sometimes freeze and shut down,FALSE
ORD431839,ID0781005396,3/17/2019,Thompson,"[('pearTV', 1), ('iStream', 2), ('Universe Note', 2), ('Candle Inferno', 2)]",14370,80.82,-37.8055008,144.9522729,0,14450.82,Autumn,TRUE,0.9203,"great product working great, unlocked,",TRUE
ORD132417,ID0579498247,11/29/2019,Thompson,"[('Candle Inferno', 2), ('pearTV', 2), ('Universe Note', 1), ('Alcon 10', 1)]",25880,98.32,-37.814614,144.9498952,10,23390.32,Spring,TRUE,1.077335102,"solid phone for the $$$ great phone, can't believe it's considered a mid-range phone. perfect size, screen super, fast, battery life excellent. camera is pretty good too. so far very happy.",TRUE
ORD478193,ID0475511486,12/14/2019,Thompson,"[('iAssist Line', 1), ('Olivia x460', 1), ('iStream', 2), ('Toshika 750', 2)]",12390,77.82,-37.8010756,144.9529394,25,9370.32,Summer,FALSE,1.3904,okay it was great,TRUE
ORD208953,ID1224821948,10/12/2019,Thompson,"[('Toshika 750', 2), ('iStream', 1)]",8790,86.65,-37.8120823,144.9383737,10,7997.65,Spring,TRUE,0.7675,"now i got the phone and it does not work!! the wifi works, but i can not get a call, there's a low signal. second consecutive time i buy a phone from digico and it is not working.",FALSE
ORD142278,ID0248746690,8/29/2019,Bakers,"[('iStream', 2), ('Universe Note', 2), ('Lucent 330S', 1), ('pearTV', 1)]",14740,63.21,-37.8128713,144.9908765,15,12592.21,Winter,FALSE,0.4992,"great phone i am upgrading from a google pixel 2 xl and like the 4 xl a lot more. the battery life is significantly better. face unlock works even in the dark, and works better than the fingerprint, although not all apps support it yet. the camera and screen are better as well.",TRUE
ORD410649,ID0319157921,7/31/2019,Nickolson,"[('Lucent 330S', 1), ('Universe Note', 2), ('iStream', 2)]",8430,67.98,-37.8056468,144.9682151,15,7233.48,Winter,FALSE,1.4461,"fantastic phone. highly recommended. this 📱 phone has established itself as my prizeed possession. i have 3 phones - the j7, the lg x power, and the zte warp 7. by far the best of the 3. smooth as silk, fast as lightening, and and flawless in operation. who could want more?",TRUE
ORD219164,ID0202779119,3/1/2019,Thompson,"[('Candle Inferno', 2), ('Toshika 750', 1), ('iAssist Line', 2), ('Thunder line', 1)]",11810,82.86,-37.80522,144.9255324,25,8940.36,Autumn,TRUE,2.0678,five stars works great,TRUE
ORD297989,ID0441996141,11/3/2019,Bakers,"[('Toshika 750', 2), ('Universe Note', 1), ('Candle Inferno', 2), ('Lucent 330S', 2)]",15410,103.63,-37.81259697,145.001089,15,13202.13,Spring,TRUE,1.2009,five stars phone worked great no problems.,TRUE
ORD373424,ID6167357850,8/15/2019,Nickolson,"[('Lucent 330S', 2), ('Candle Inferno', 1), ('Alcon 10', 1), ('Olivia x460', 1)]",13065,67.7,-37.8092351,144.9722247,10,11826.2,Winter,FALSE,1.0681,great phone! the picture quality is great and it has a long battery life.,TRUE
ORD081570,ID0664378727,2/15/2019,Nickolson,"[('pearTV', 1), ('Lucent 330S', 2), ('Universe Note', 2), ('Thunder line', 1)]",17850,69.68,-37.8204849,144.966356,25,13457.18,Summer,FALSE,0.351,killing phone!!! incredible!! super phone for less than 200usd?? yes!!!,TRUE
ORD487004,ID4342425839,5/6/2019,Nickolson,"[('Alcon 10', 2), ('Candle Inferno', 1)]",18330,66.84,-37.8255051,144.9803904,0,18396.84,Autumn,FALSE,1.2248,recently upgraded from the 7inch candle and i must say huge improvements. all i can say is that if they can speed up the processor by next year with more ram they might compete with the ipad!,TRUE
ORD311347,ID3148693051,2/21/2019,Nickolson,"[('Universe Note', 2), ('Olivia x460', 2), ('Thunder line', 2)]",13710,77.07,-37.8120284,144.9722133,0,13787.07,Summer,TRUE,0.7676,i needed this for my two six year olds to be able to use during our drive to disney. you are unable to get most apps that are offered on itunes and android market so i returned.,FALSE
ORD363836,ID0746922230,6/29/2019,Nickolson,"[('Candle Inferno', 1), ('Olivia x460', 1), ('Lucent 330S', 2)]",4115,79.85,-37.8239578,144.9826474,5,3989.1,Winter,TRUE,1.2971,five stars excellent piece! struggling to sleep without it in my hand!,TRUE
ORD286679,ID2700682440,5/29/2019,Nickolson,"[('Candle Inferno', 1), ('Alcon 10', 1), ('Thunder line', 2), ('pearTV', 2)]",26360,64.72,-37.8236668,144.9770017,25,19834.72,Autumn,FALSE,0.8649,nice phone nice phone,TRUE
ORD259986,ID0419481490,5/26/2019,Bakers,"[('Lucent 330S', 1), ('pearTV', 2), ('iAssist Line', 2)]",18300,62.81,-37.8182368,144.9961532,25,13787.81,Autumn,TRUE,0.9209,the phone is not working i'm so disappointed...i bought it to send abroad but it works for 3days. so what should i do now?,FALSE
ORD015700,ID1463620827,5/9/2019,Bakers,"[('Lucent 330S', 2), ('iStream', 2), ('pearTV', 2), ('Candle Inferno', 1)]",15810,53.31,-37.8160042,144.9996541,25,11910.81,Autumn,FALSE,0.7736,we are not satisfied. it did not meet my expectation. it warms up quickly. it's warming up even when you have video call. i got it for my wife. we are not satisfied.,FALSE
ORD439150,ID0583243026,9/14/2019,Nickolson,"[('Alcon 10', 2), ('Lucent 330S', 1)]",19130,77.53,-37.8127348,144.9771849,0,19207.53,Spring,FALSE,0.9361,worked pretty good. a little laggy though and sometimes it ... worked pretty good. a little laggy though and sometimes it seemed as though i would text too fast for it to keep up. i still enjoyed it though.,TRUE
ORD484188,ID0711334399,1/28/2019,Thompson,"[('iStream', 2), ('Thunder line', 2)]",4660,82.08,-37.806982,144.9589974,25,3577.08,Summer,TRUE,1.2255,algo bueno no me duro nada,FALSE
ORD184715,ID0589426209,10/4/2019,Nickolson,"[('iStream', 1), ('Alcon 10', 2)]",18050,78.2,-37.8094281,144.9726966,10,16323.2,Spring,FALSE,1.0573,"satisfied with purchase. very happy with the service i recieved from the seller. my package arrived even 3 days early. was packed very well. recommend them. have only used the phone a few days, still learning. no issues so far.",TRUE
ORD072928,ID0781083679,11/5/2019,Bakers,"[('iStream', 1), ('Alcon 10', 2), ('Thunder line', 1), ('Lucent 330S', 2)]",22690,87.74,-37.8226366,145.0140745,5,21643.24,Spring,FALSE,2.1738,larger screen user friendly,TRUE
ORD477856,ID0583242792,11/24/2019,Nickolson,"[('iAssist Line', 2), ('Toshika 750', 1), ('Lucent 330S', 2), ('Candle Inferno', 2)]",12090,101.31,-37.8143199,144.9762224,25,9168.81,Spring,TRUE,0.7554,quality budget phone everything is as described and works perfectly.,TRUE
ORD203519,ID0055931048,4/21/2019,Thompson,"[('pearTV', 2), ('iAssist Line', 2)]",17070,76.12,-37.8157678,144.9498885,5,16292.62,Autumn,TRUE,0.4244,"thank you for fast shipping and great item. when i dropped my maxx last week thank you for fast shipping and great item. when i dropped my maxx last week, the screen shattered! even w/ insurance, phone price through the carrier was not affordable. thank you",TRUE
ORD477872,ID0255058365,8/29/2019,Nickolson,"[('Olivia x460', 2), ('Candle Inferno', 1)]",2880,64.49,-37.8122878,144.9710567,25,2224.49,Winter,FALSE,0.7145,"good for my needs, excellent phone what i most like is the fingerprint reader, it simplifies unlocking the phone. camera is good for common uses, battery last about 3 days which doubles the time of my previous lucent e phone. so far so good, all still working perfect. it works good in mexico.",TRUE
ORD254652,ID1449431621,11/30/2019,Nickolson,"[('Toshika 750', 2), ('iStream', 2)]",8940,100.53,-37.8135784,144.9740498,5,8593.53,Spring,TRUE,0.6844,"nearly perfect just the phone i was looking for to upgrade. nearly perfect condition, i had to do a factory reset to receive mms texts, but absolutely no complaints about the phone. seems even easier to use than my previous lumia 900. love it.",TRUE
ORD371258,ID5096779238,8/14/2019,Nickolson,"[('Universe Note', 1), ('iStream', 2), ('Toshika 750', 2), ('Alcon 10', 1)]",21340,84.38,-37.801189,144.9697813,5,20357.38,Winter,TRUE,1.9377,well made quality phone,TRUE
ORD075737,ID2702095693,10/22/2019,Thompson,"[('iAssist Line', 2), ('pearTV', 2), ('Toshika 750', 2)]",25710,73.29,-37.8106277,144.9904765,15,21926.79,Spring,FALSE,0.4241,"then this phone is great for drawing on the go or in your bed it's the only phone with a pressure-sensitive stylus so really your only cheaper options are older notes, which don't have security updates. if you're an artist, then this phone is great for drawing on the go or in your bed.",TRUE
ORD048251,ID0554206047,7/24/2019,Thompson,"[('Alcon 10', 2), ('iAssist Line', 1)]",20125,69.69,-37.7994564,144.9350124,0,20194.69,Winter,FALSE,1.8136,"we are still in the discovery phase, but so far we are enjoying the smart home features we have installed.",TRUE
ORD422570,ID0131221827,2/9/2019,Nickolson,"[('Candle Inferno', 1), ('Alcon 10', 1)]",9380,74.22,-37.8130033,144.9609387,5,8985.22,Summer,FALSE,0.9803,funciona para venezuela mi preocupación era si funcionaría en venezuela y sí funciona. tiene mejor relación calidad-precio que otros equipos. lo compré para regalar a mi mamá que lo necesitaba y le ha gustado mucho.,TRUE
ORD245564,ID0373651915,1/17/2019,Thompson,"[('Toshika 750', 2), ('Universe Note', 1)]",12090,86.16,-37.8120906,144.9276731,15,10362.66,Summer,TRUE,1.707,one star couldnt activate the phone beacause it was reported stolen -10☆,FALSE
ORD306583,ID0306969480,9/22/2019,Thompson,"[('Alcon 10', 1), ('Thunder line', 1)]",11130,79.62,-37.8179807,144.9319734,5,10653.12,Spring,FALSE,1.453,"great phone, just as advertised, brand new in the retail box the product was just as advertised, brand new in the retail box with all the original accessories. put in a new nano sim card and the phone was good to go.",TRUE
ORD464177,ID0575380979,7/7/2019,Nickolson,"[('Candle Inferno', 2), ('iStream', 2), ('Universe Note', 2), ('Toshika 750', 2)]",16700,67.15,-37.8202827,144.9825612,15,14262.15,Winter,FALSE,1.1594,"5 stars super fast delivery , best phone out there by far very happy",TRUE
ORD148182,ID0591435914,10/18/2019,Nickolson,"[('Universe Note', 1), ('iStream', 1)]",3600,97.66,-37.8187378,144.9670613,0,3697.66,Spring,TRUE,0.2195,this is a great tablet for the price i paid. my husband loves it!,TRUE
ORD410308,ID4157116186,9/20/2019,Bakers,"[('Toshika 750', 1), ('Candle Inferno', 2), ('pearTV', 1)]",11490,102.49,-37.8182824,144.9964005,25,8719.99,Spring,TRUE,0.9281,works great! works great so far!,TRUE
ORD381055,ID0777746930,5/5/2019,Thompson,"[('Thunder line', 2), ('Alcon 10', 1), ('Olivia x460', 1), ('Candle Inferno', 1)]",14965,65.44,-37.8057429,144.9558818,10,13533.94,Autumn,FALSE,1.0936,very good very good mobile,TRUE
ORD271310,ID6167344502,11/9/2019,Nickolson,"[('iAssist Line', 1), ('Lucent 330S', 2)]",13218,105.27,-37.8071098,144.9659965,5,4556.02,Spring,TRUE,1.3162,awesome renewed this phone is great,TRUE
ORD488210,ID0636756265,2/12/2019,Thompson,"[('Universe Note', 1), ('Toshika 750', 2), ('Olivia x460', 1)]",13315,74.38,-37.8209141,144.9521367,25,10060.63,Summer,FALSE,1.0199,five stars great,TRUE
ORD418391,ID0781096031,2/11/2019,Thompson,"[('Toshika 750', 2), ('Candle Inferno', 1), ('iAssist Line', 1)]",11295,76.58,-37.8023282,144.9435265,0,11371.58,Summer,FALSE,1.193,it's brand new love the cell phone!,TRUE
ORD010594,ID0777829842,11/1/2019,Thompson,"[('Lucent 330S', 1), ('Alcon 10', 2)]",19130,106.74,-37.8040967,144.9585081,5,18280.24,Spring,TRUE,1.3869,fantastic phone!!!! great phone!! easy to use if you've previously owned a smartphone. processor is extremely fast and the color is fantastic. i really like the size of the phone which is larger than my previous phone.,TRUE
ORD386920,ID2187770703,9/16/2019,Nickolson,"[('Universe Note', 1), ('Olivia x460', 2), ('Alcon 10', 2), ('Candle Inferno', 1)]",24230,102.18,-37.8125165,144.9651979,10,21909.18,Spring,TRUE,0.7774,works great... bought it for my shop so that it is like an intercom to the house.,TRUE
ORD354308,ID1668523258,2/18/2019,Nickolson,"[('iStream', 2), ('Olivia x460', 1), ('Universe Note', 1)]",4975,72.85,-37.8207581,144.9618974,15,11939.84102,Summer,FALSE,0.7148,"almost perfect. almost perfect experience. the s pen broke in half when i went to pull it out of note 5 phone within 48 hours of delivery, so i was forced to buy a new one from olivia. other than that it was great!",TRUE
ORD042295,ID0579512331,9/18/2019,Thompson,"[('Alcon 10', 2), ('Toshika 750', 2), ('Olivia x460', 1), ('iAssist Line', 2)]",13218,96.66,-37.8135942,144.9478734,0,32311.66,Spring,TRUE,0.1246,more bang for the buck love the phone i think it's better than the universe s series,TRUE
ORD146866,ID1449355173,12/26/2019,Nickolson,"[('Universe Note', 1), ('Candle Inferno', 1), ('Alcon 10', 1), ('iStream', 2)]",13130,72.22,-37.8153663,144.9746393,25,9919.72,Summer,FALSE,0.5739,i have two other versions of candle tablets and each one gets better. great screen display allowing for clear and enjoyable viewing. easy to use. quick downloading and updating.,TRUE
ORD019309,ID0664377812,6/11/2019,Nickolson,"[('Alcon 10', 1), ('Thunder line', 1), ('Universe Note', 1), ('iStream', 1)]",14730,63.85,-37.8207339,144.9669253,15,12584.35,Winter,FALSE,0.3317,"four stars great phone all around. however, it is worth mentioning that not all headphones will work with this phone.",TRUE
ORD362143,ID0581709069,12/18/2019,Thompson,"[('Universe Note', 2), ('Alcon 10', 2), ('iAssist Line', 2)]",29250,68.09,-37.80542,144.9282301,10,26393.09,Summer,FALSE,1.8431,not good does not work well and texting takes 5 minutes to reasived plus many other issues,FALSE
ORD441221,ID0846566052,10/5/2019,Nickolson,"[('Lucent 330S', 1), ('Olivia x460', 1)]",2455,101.17,-37.8234669,144.9675701,25,1942.42,Spring,TRUE,0.5696,five stars love it for an older phone,TRUE
ORD489848,ID0364860960,5/10/2019,Bakers,"[('iStream', 1), ('Thunder line', 1), ('iAssist Line', 2)]",6780,81.73,-37.8017911,144.9800967,0,6861.73,Autumn,TRUE,1.6144,"great product it's a nice experience with this windows phone and love to continue with that... stylish, productivity, easy to use and it's a great product...",TRUE
ORD375493,ID4061053441,11/6/2019,Bakers,"[('Toshika 750', 2), ('iAssist Line', 2)]",13090,96.33,-37.8097067,144.9930454,0,13186.33,Spring,TRUE,0.195,huawei n1 espectacular todo el celular.,TRUE
ORD030047,ID5727168141,8/4/2019,Nickolson,"[('Lucent 330S', 2), ('Universe Note', 1), ('iAssist Line', 1)]",8135,68.01,-37.8238515,144.9815633,10,7389.51,Winter,FALSE,1.2075,i love it! i purchased this after my phone died. i never bought a refurbished phone before and didn't know what to expect. this phone is amazing and i love it! this phone looks and performs like a brand new phone!!,TRUE
ORD108707,ID5668009784,11/20/2019,Bakers,"[('pearTV', 1), ('iStream', 2), ('Toshika 750', 1), ('iAssist Line', 1)]",13155,99.52,-37.8045464,144.9999847,10,11939.02,Spring,TRUE,0.7367,five stars works great - saved hundreds!,TRUE
ORD268037,ID0387152985,7/24/2019,Thompson,"[('iStream', 1), ('Lucent 330S', 2)]",2610,74.37,-37.8058707,144.9466259,10,2423.37,Winter,TRUE,0.7582,i love it i love it,TRUE
ORD150673,ID4391710425,7/2/2019,Nickolson,"[('iAssist Line', 1), ('Thunder line', 2), ('Olivia x460', 1), ('Candle Inferno', 1)]",8240,63.91,-37.8149457,144.9647656,15,7067.91,Winter,FALSE,0.5849,four stars like,TRUE
ORD437147,ID0052450505,10/31/2019,Thompson,"[('iAssist Line', 2), ('Alcon 10', 2)]",22350,85.96,-37.7954792,144.936073,15,19083.46,Autumn,FALSE,2.1445,this was a gift for a family member they really enjoy all the options of getting books,TRUE
ORD285871,ID0579382918,5/12/2019,Thompson,"[('iAssist Line', 1), ('pearTV', 2)]",14845,66.76,-37.8245991,144.9430126,0,14911.76,Autumn,TRUE,1.3746,"terrible phone the battery would not hold a charge, even with little or no use. whomever is called hears their voice thundered back word for word which is very annoying. cannot use the phone because of the poor battery. good idea to stay away from this one unless you like wasting your money.",FALSE
ORD277314,ID0207085221,12/8/2019,Bakers,"[('Toshika 750', 2), ('Olivia x460', 2), ('Thunder line', 1)]",13270,80.56,-37.81683,145.0142511,25,10033.06,Summer,FALSE,1.8374,great phone no problems. phone came on time. functions great.,TRUE
ORD326898,ID2975216740,11/2/2019,Thompson,"[('Toshika 750', 2), ('Lucent 330S', 1)]",9870,109.93,-37.7993462,144.9592682,10,8992.93,Spring,TRUE,1.8309,great! great cell phone!,TRUE
ORD445657,ID1287239241,8/18/2019,Nickolson,"[('iAssist Line', 1), ('Lucent 330S', 2), ('iStream', 2)]",4985,84.86,-37.7987169,144.9673523,10,4571.36,Winter,TRUE,2.2212,very happy with purchase phone as advertised (excellent condition) and arrived a day early. very happy with purchase.,TRUE
ORD342765,ID0591233135,1/23/2019,Thompson,"[('pearTV', 2), ('Lucent 330S', 1)]",13850,83.81,-37.8245429,144.9528863,25,10471.31,Summer,TRUE,1.4169,really in 2018??? not working on verizon is ridiculous in 2018!!!!!!,FALSE
ORD486999,ID0650268095,3/8/2019,Nickolson,"[('Alcon 10', 2), ('Toshika 750', 2), ('iAssist Line', 2), ('Olivia x460', 2)]",33440,79.04,-37.8150666,144.9747849,25,25159.04,Autumn,TRUE,0.6051,purchased as a replacement for an older candle and the inferno hd did not disappoint. the intended recipient was thrilled that a camera came with it. well worth the money.,TRUE
ORD152593,ID0664372087,10/10/2019,Nickolson,"[('iAssist Line', 2), ('Alcon 10', 1)]",13400,72.99,-37.820727,144.9670761,15,11462.99,Spring,FALSE,0.322,four stars phones very slow but its good.,TRUE
ORD130602,ID6167357873,4/3/2019,Nickolson,"[('iStream', 1), ('Toshika 750', 2), ('Alcon 10', 1)]",17740,76.55,-37.815109,144.9749588,0,17816.55,Autumn,TRUE,0.6138,"it functions properly in my country. i activated my phone on april 18, 2019 and has been using it since. i am satisfied with the performance so far.",TRUE
ORD266654,ID0495761839,5/6/2019,Bakers,"[('Olivia x460', 2), ('Universe Note', 1), ('iAssist Line', 2)]",10350,82.2,-37.8022885,144.9810357,5,9914.7,Autumn,TRUE,1.5149,olivia universe s8 - awesome the phone was new. great value for money,TRUE
ORD487171,ID0595594352,10/26/2019,Nickolson,"[('iAssist Line', 2), ('pearTV', 1)]",10760,102.05,-37.810906,144.9661141,25,8172.05,Spring,TRUE,0.8814,purchased for my granddaughter and it was a great investment.,TRUE
ORD465972,ID6167417927,3/22/2019,Thompson,"[('Toshika 750', 1), ('iStream', 2)]",4620,65.74,-37.8155781,144.9580985,25,3530.74,Autumn,FALSE,1.0224,five stars great product thanks !,TRUE
ORD125650,ID4061053453,11/18/2019,Bakers,"[('iAssist Line', 1), ('Candle Inferno', 1), ('Thunder line', 1)]",4835,95.13,-37.8097638,144.9932051,15,4204.88,Spring,TRUE,0.1801,five stars great purchase,TRUE
ORD316730,ID1463620750,10/26/2019,Bakers,"[('Universe Note', 1), ('iAssist Line', 1), ('Lucent 330S', 2)]",8135,89.08,-37.8188693,145.0023381,10,7410.58,Spring,TRUE,1.1688,they forgot to mention it no longer meets network requirements. they forgot to mention it no longer meets network requirements and can't even be connected at all :( waste of time and money.,FALSE
ORD042747,ID6167191734,12/30/2019,Nickolson,"[('Thunder line', 1), ('pearTV', 2)]",14800,68.4,-37.8155933,144.9665773,5,14128.4,Summer,FALSE,0.4243,"perfect, came early too! came with 100% battery health (battery was new), packaged well, and came early. after around 5 hours of use everything seems to be working well. also came with a 90 day warranty.",TRUE
ORD290804,ID0257506567,2/14/2019,Thompson,"[('Olivia x460', 1), ('Universe Note', 2)]",8125,88.24,-37.799783,144.9633493,5,7806.99,Summer,TRUE,2.0271,"won't hold a charge would not hold a charge. charged all night, died within 20 min.",FALSE
ORD099976,ID3420939994,1/11/2019,Bakers,"[('pearTV', 1), ('Candle Inferno', 1)]",6740,102.82,-37.8003644,144.9792888,15,5831.82,Summer,TRUE,1.7652,candle was great purchase for both of my teenage sons.great for use of apps and music. good for everyday use. would recommend to anybody.,TRUE
ORD408068,ID0728165678,12/23/2019,Bakers,"[('Toshika 750', 1), ('Thunder line', 2)]",8680,99.72,-37.8131701,145.0096895,25,6609.72,Summer,TRUE,1.3196,great phone. phone is amazing. great photos and videos. super fast. this phone is awesome.,TRUE
ORD157248,ID0634784116,12/9/2019,Thompson,"[('Alcon 10', 1), ('Thunder line', 1)]",11130,73.4,-37.81259697,144.9375989,0,11203.4,Summer,FALSE,0.8391,"five stars works great! easy to use, perfect for personal or business related things. this is the second one i've bought.",TRUE
ORD384855,ID0054552160,2/16/2019,Nickolson,"[('Candle Inferno', 2), ('iStream', 2), ('Universe Note', 1), ('Alcon 10', 2)]",22510,78.95,-37.8211602,144.98368,25,16961.45,Summer,FALSE,1.2748,this is my first smart device and i will surely be buying other devices that will be compatible with this one.,TRUE
ORD036365,ID4723274545,8/6/2019,Nickolson,"[('Olivia x460', 1), ('Lucent 330S', 1), ('Thunder line', 2), ('pearTV', 1)]",13125,79.27,-37.8080901,144.9751078,10,11891.77,Winter,TRUE,1.2674,looked very new. works fine looked very new,TRUE
ORD083170,ID0777783233,5/16/2019,Thompson,"[('Candle Inferno', 1), ('Thunder line', 2), ('Lucent 330S', 1), ('iAssist Line', 2)]",10470,80.56,-37.8048535,144.9545609,10,9503.56,Autumn,TRUE,1.0917,great purchase!everything perfect!!!! excellent phone!excellent purchase experience!,TRUE
ORD303309,ID1445498760,4/27/2019,Bakers,"[('pearTV', 1), ('Candle Inferno', 1), ('Alcon 10', 2), ('iAssist Line', 1)]",26865,63.74,-37.8166491,144.9869362,5,25585.49,Autumn,TRUE,1.0396,mi a2 update had the phone 3 weeks and parts of the screen started freezing up. i returned the phone just before the time was up. i don't know if mine was just defective or this was an inherent trait of the phone.,FALSE
ORD298113,ID0233275028,12/4/2019,Bakers,"[('Universe Note', 2), ('Alcon 10', 1), ('Thunder line', 2)]",20210,69.64,-37.8002338,144.9770628,10,18258.64,Summer,FALSE,1.9325,the worst phone i have purchased ever do not recommend it the worst phone i have purchased ever do not recommend it . only had it 2 months and it dosen't work.,FALSE
ORD134830,ID0452381035,10/19/2019,Thompson,"[('Olivia x460', 2), ('Lucent 330S', 1), ('Candle Inferno', 1)]",4110,105.71,-37.8249498,144.9490132,0,4215.71,Spring,TRUE,1.3772,user friendly it works,TRUE
ORD409752,ID0400738477,6/27/2019,Thompson,"[('iAssist Line', 1), ('Toshika 750', 1), ('iStream', 2)]",6845,62.05,-37.8121346,144.9414663,10,6222.55,Winter,FALSE,0.4963,my son loved it!! i bought as a christmas gift for my son whom always wanted this product... so far so good!! he is very pleased....,TRUE
ORD492117,ID2209383387,5/18/2019,Thompson,"[('Alcon 10', 1), ('Olivia x460', 2), ('Candle Inferno', 1)]",11830,67.45,-37.7997592,144.9576109,15,10122.95,Autumn,FALSE,1.7106,nice phone durable phone. decent price. works as it should.,TRUE
ORD134724,ID1953969337,8/4/2019,Thompson,"[('Lucent 330S', 1), ('Thunder line', 1), ('Universe Note', 2)]",10310,69.84,-37.8060731,144.960031,15,8833.34,Winter,FALSE,1.3562,"great phone the major issue is fingerprint recognition , even with the software updated . phone is good overall . recommend it as an alternative since other phones are too expensive",TRUE
ORD256293,ID1283628996,11/25/2019,Thompson,"[('iStream', 2), ('Alcon 10', 1)]",9250,108.1,-37.8007455,144.9568467,15,7970.6,Spring,TRUE,1.5819,its an amazing experience im so excited its an amazing experience im so excited..beyond my expectation....positive ! thanks guys. im just happy qith my new universe note 5😀,TRUE
ORD462936,ID4754200396,11/22/2019,Thompson,"[('Toshika 750', 1), ('Lucent 330S', 2)]",6780,107.37,-37.8161206,144.9287575,0,6887.37,Spring,TRUE,1.6554,very good aceptable,TRUE
ORD179423,ID2279006915,11/26/2019,Thompson,"[('iStream', 1), ('iAssist Line', 1)]",2375,62.83,-37.8159547,144.9575096,10,2200.33,Spring,FALSE,0.9882,don't buy this phone after around 6 months of using this phone it got stuck in a reboot loop if you don't know what that is it basically restart over and over again and it won't stop.,FALSE
ORD384790,ID2288769476,7/20/2019,Bakers,"[('pearTV', 1), ('Lucent 330S', 2), ('iStream', 1)]",8920,61.83,-37.8031341,145.003551,10,8089.83,Winter,TRUE,1.0577,i never got my cell phone. nunca me llegó el celular,FALSE
ORD056832,ID0591430025,10/17/2019,Nickolson,"[('Thunder line', 2), ('Olivia x460', 2), ('Candle Inferno', 1)]",7240,81.06,-37.8184937,144.9642026,0,7321.06,Spring,TRUE,0.4705,this phone is not verizon compatible! the side of ... this phone is not verizon compatible! the side of the package says unlk/t-mobile. tried to activate it anyways and it couldn't be.,FALSE
ORD021015,ID6024224415,10/30/2019,Thompson,"[('Thunder line', 2), ('iAssist Line', 1), ('Olivia x460', 2), ('Universe Note', 1)]",12485,101.85,-37.8200618,144.9450101,15,10714.1,Spring,TRUE,0.8422,five stars great reseller came with one mark on it that the case covers,TRUE
ORD205813,ID2187983885,3/22/2019,Nickolson,"[('Universe Note', 2), ('Thunder line', 2), ('pearTV', 2), ('iAssist Line', 1)]",26105,79.39,-37.8128141,144.9682021,0,26184.39,Autumn,TRUE,0.6544,its ok the phone is ok my husband likes it,TRUE
ORD282333,ID0400812560,11/18/2019,Thompson,"[('Lucent 330S', 1), ('Toshika 750', 2)]",9870,80.61,-37.8250674,144.9537148,10,8963.61,Spring,FALSE,1.4984,fast budget phone for people who dont game great camera and screen. very competitive value i purchased this over the lucent g7 as it is more sleek and has a better camera for less!!,TRUE
ORD349256,ID0452380996,10/15/2019,Thompson,"[('Thunder line', 2), ('Universe Note', 2), ('Lucent 330S', 2), ('Alcon 10', 1)]",22670,108.2,-37.8248132,144.9490652,0,22778.2,Spring,TRUE,1.3627,"if you're diehard ms fan nice phone, windows sucks however",TRUE
ORD251033,ID0356099095,10/17/2019,Bakers,"[('Olivia x460', 1), ('Candle Inferno', 1), ('iAssist Line', 2), ('Lucent 330S', 2)]",8565,104.78,-37.8208489,144.9946581,15,7385.03,Spring,TRUE,1.2092,good phone for good price its a good phone definitely for the price. i would recommend it anyone who is looking for a really good phone for a reasonable price.,TRUE
ORD489113,ID0702365654,11/5/2019,Thompson,"[('Alcon 10', 2), ('Toshika 750', 1), ('Universe Note', 2)]",29120,99.84,-37.806367,144.9416549,0,11939.84102,Spring,TRUE,0.8482,responsible 100% responsible 100%,TRUE
ORD280139,ID5668043850,5/30/2019,Bakers,"[('pearTV', 1), ('iAssist Line', 1)]",8535,83.53,-37.8030068,145.0170153,5,8191.78,Autumn,TRUE,2.0678,this phone will last 2 days with battery saver on what a great battery this product is great value for the money compared to an alcon by far,TRUE
ORD310196,ID6167441031,3/17/2019,Thompson,"[('Candle Inferno', 2), ('Thunder line', 2), ('iAssist Line', 2), ('Olivia x460', 1)]",10895,69.01,-37.8093346,144.9608903,15,9329.76,Autumn,FALSE,1.2711,pixel ready daily driver. great phont ui is too good to be true. looking forward to pixel 2.,TRUE
ORD380695,ID0052450505,9/6/2019,Thompson,"[('Lucent 330S', 1), ('Olivia x460', 2)]",3680,86.92,-37.7954792,144.936073,0,3766.92,Spring,FALSE,2.1445,perfectly as described perfectly as described,TRUE
ORD276313,ID0245537608,2/22/2019,Nickolson,"[('iAssist Line', 2), ('Thunder line', 2), ('Lucent 330S', 1)]",10040,94.6,-37.8110937,144.9661285,0,10134.6,Summer,TRUE,0.8876,boost mobile does this phone work for boost mobile,TRUE
ORD138807,ID0777829305,11/7/2019,Thompson,"[('Olivia x460', 1), ('Candle Inferno', 1)]",1655,104.67,-37.803875,144.9583647,25,1345.92,Spring,TRUE,1.395,good phone my sister love't,TRUE
ORD205665,ID0634785679,3/22/2019,Thompson,"[('Toshika 750', 2), ('iStream', 2), ('iAssist Line', 2)]",13390,78.33,-37.8139995,144.9396713,5,12798.83,Autumn,TRUE,0.6671,works well. real note.,TRUE
ORD065608,ID0245807242,4/20/2019,Thompson,"[('Candle Inferno', 1), ('pearTV', 1)]",6740,83.58,-37.7988456,144.9588918,25,5138.58,Autumn,TRUE,1.8576,five stars great shipping speed. good deal,TRUE
ORD127003,ID3555802212,7/18/2019,Thompson,"[('iStream', 1), ('Candle Inferno', 2), ('Lucent 330S', 1), ('Universe Note', 1)]",5690,67.79,-37.805884,144.9366626,10,5188.79,Winter,FALSE,1.1869,great deal love the phone. everything i wanted. fast shipping.,FALSE
ORD186261,ID0250933641,11/13/2019,Bakers,"[('Alcon 10', 2), ('Lucent 330S', 1)]",19130,83.79,-37.8240925,145.0028527,10,17300.79,Spring,FALSE,1.7063,excellent phone! had it for about 4 months now. great camera and battery life~,TRUE
ORD273851,ID0844490198,1/13/2019,Thompson,"[('Universe Note', 1), ('iStream', 2), ('Candle Inferno', 1), ('Alcon 10', 1)]",13130,94.86,-37.8222216,144.949747,15,11255.36,Summer,TRUE,1.0887,concern about cosmetic condition of phone was quickly put to rest i received the phone before the delivery date and it performs and appears like a new phone.,TRUE
ORD329425,ID0244241458,7/18/2019,Bakers,"[('Thunder line', 1), ('iStream', 2)]",2480,76.61,-37.7936094,144.9736686,5,2432.61,Winter,FALSE,2.6315,s10 plus... get one the phone is simply awesome. no flaws.,TRUE
ORD277938,ID1808484519,6/20/2019,Thompson,"[('Thunder line', 2), ('pearTV', 1), ('Olivia x460', 2), ('Toshika 750', 2)]",21760,85.48,-37.8248196,144.9282668,25,16405.48,Winter,TRUE,2.1358,"absolutely amazing deal awesome, similar specs to a high end phone, i paid $200 instead of $900",TRUE
ORD297371,ID4294474620,11/4/2019,Nickolson,"[('Candle Inferno', 2), ('iAssist Line', 1)]",3085,106.93,-37.805352,144.9736526,15,2729.18,Spring,TRUE,1.5177,she loved it. it's was for me friend .. she loved it .. thnxx digico..,TRUE
ORD218866,ID3215192035,3/10/2019,Thompson,"[('Universe Note', 2), ('Candle Inferno', 2)]",7760,61.56,-37.8087418,144.9470873,15,6657.56,Autumn,TRUE,0.4376,i didn’t get my phone i didn’t get my phone,FALSE
ORD289820,ID0711745634,6/24/2019,Thompson,"[('Toshika 750', 1), ('Lucent 330S', 2), ('Candle Inferno', 1), ('Universe Note', 1)]",10660,46.2,-37.815309,144.9459185,15,9107.2,Winter,FALSE,0.3104,batería dañada hola. la batería se dañó. donde puedo solicitar su reemplazo o reparación?,FALSE
ORD425999,ID3208518274,2/12/2019,Nickolson,"[('pearTV', 2), ('Olivia x460', 1), ('iAssist Line', 1), ('Universe Note', 2)]",22970,83.03,-37.8025034,144.9674279,15,19607.53,Summer,FALSE,1.801,great phone for the money. the price was right. it works well and the battery easily lasts 2 days.,TRUE
ORD252675,ID0589449505,9/14/2019,Nickolson,"[('Alcon 10', 2), ('Thunder line', 2), ('Universe Note', 1), ('Toshika 750', 2)]",34350,78.57,-37.8094457,144.9727357,15,29276.07,Spring,FALSE,1.0563,"four stars very good olivia universe s5 , i would rate 4 stars",TRUE
ORD215989,ID6167357842,9/16/2019,Nickolson,"[('Candle Inferno', 2), ('Olivia x460', 1), ('Lucent 330S', 2), ('Thunder line', 1)]",6725,105.14,-37.807649,144.9713701,15,5821.39,Spring,TRUE,1.2289,great purchase!!! my twins love them!!,TRUE
ORD414852,ID0634783923,9/13/2019,Thompson,"[('Candle Inferno', 2), ('Alcon 10', 2), ('iAssist Line', 1)]",20985,76.99,-37.8129301,144.9372432,15,17914.24,Spring,FALSE,0.8646,awesome perfect phone to keep connected with kids. it's small and lightweight so very easy to carry in small pockets. has great battery life - no need to charge it every day. my 8 year old loves it.,TRUE
